airfoil,alpha,CL,CD
NACA0006,0.0,0.0,0.00732
NACA0006,0.1,0.0082,0.00732
NACA0006,0.2,0.0165,0.00733
NACA0006,0.3,0.0249,0.00734
NACA0006,0.4,0.0333,0.00735
NACA0006,0.5,0.0419,0.00736
NACA0006,0.6,0.0505,0.00738
NACA0006,0.7,0.0592,0.0074
NACA0006,0.8,0.068,0.00743
NACA0006,0.9,0.0768,0.00746
NACA0006,1.0,0.0857,0.00749
NACA0006,1.1,0.0946,0.00753
NACA0006,1.2,0.1036,0.00757
NACA0006,1.3,0.1126,0.00761
NACA0006,1.4,0.1216,0.00767
NACA0006,1.5,0.1387,0.00771
NACA0006,1.6,0.1651,0.00772
NACA0006,1.7,0.1937,0.0077
NACA0006,1.8,0.2194,0.00767
NACA0006,1.9,0.2429,0.00762
NACA0006,2.0,0.2616,0.00757
NACA0006,2.1,0.2768,0.00755
NACA0006,2.2,0.2887,0.00756
NACA0006,2.3,0.2976,0.00763
NACA0006,2.4,0.3057,0.00776
NACA0006,2.5,0.3133,0.00795
NACA0006,2.6,0.321,0.0082
NACA0006,2.7,0.3288,0.00851
NACA0006,2.8,0.3366,0.00886
NACA0006,2.9,0.3445,0.00929
NACA0006,3.0,0.3521,0.00986
NACA0006,3.1,0.3593,0.0107
NACA0006,3.2,0.3673,0.01159
NACA0006,3.3,0.377,0.01211
NACA0006,3.4,0.3869,0.01255
NACA0006,3.5,0.3965,0.01303
NACA0006,3.6,0.407,0.01326
NACA0006,3.7,0.4162,0.01387
NACA0006,3.8,0.4263,0.01432
NACA0006,3.9,0.4365,0.01475
NACA0006,4.0,0.4467,0.01524
NACA0006,4.1,0.4567,0.01581
NACA0006,4.2,0.4663,0.01666
NACA0006,4.3,0.4766,0.01729
NACA0006,4.4,0.4875,0.01736
NACA0006,4.5,0.4978,0.01776
NACA0006,4.6,0.5078,0.01847
NACA0006,4.7,0.5173,0.01988
NACA0006,4.8,0.5274,0.02103
NACA0006,4.9,0.5379,0.02182
NACA0006,5.0,0.548,0.02285
NACA0006,5.1,0.5578,0.02406
NACA0006,5.2,0.567,0.02551
NACA0006,5.3,0.5756,0.02738
NACA0006,5.4,0.5869,0.02756
NACA0006,5.5,0.5966,0.03059
NACA0006,5.6,0.6032,0.03286
NACA0006,5.7,0.615,0.03966
NACA0006,5.8,0.623,0.04089
NACA0006,5.9,0.6304,0.04216
NACA0006,6.0,0.6377,0.04342
NACA0006,6.1,0.6447,0.04473
NACA0006,6.2,0.6514,0.04621
NACA0006,6.3,0.6577,0.04807
NACA0006,6.4,0.6576,0.05336
NACA0006,6.5,0.6645,0.05238
NACA0006,6.6,0.6698,0.05417
NACA0006,6.7,0.6746,0.05587
NACA0006,6.8,0.6791,0.05747
NACA0006,6.9,0.6836,0.05899
NACA0006,7.0,0.6878,0.06045
NACA0006,7.1,0.6917,0.06192
NACA0006,7.2,0.6961,0.0633
NACA0006,7.3,0.7,0.06492
NACA0006,7.4,0.7048,0.06733
NACA0006,7.5,0.7017,0.07157
NACA0006,7.6,0.7024,0.07325
NACA0006,7.7,0.7025,0.07496
NACA0006,7.8,0.7009,0.0769
NACA0006,7.9,0.6987,0.07936
NACA0006,8.0,0.6976,0.08249
NACA0006,8.1,0.6955,0.08539
NACA0006,8.2,0.6938,0.08797
NACA0006,8.3,0.6925,0.09028
NACA0006,8.4,0.6918,0.09237
NACA0006,8.5,0.6913,0.09434
NACA0006,8.6,0.6909,0.09629
NACA0006,8.7,0.6907,0.09815
NACA0006,8.8,0.6908,0.09997
NACA0006,8.9,0.691,0.10175
NACA0006,9.0,0.6913,0.10348
NACA0006,9.1,0.6918,0.10517
NACA0006,9.2,0.6925,0.10683
NACA0006,9.3,0.6933,0.10845
NACA0006,9.4,0.6944,0.11004
NACA0006,9.5,0.6958,0.11158
NACA0006,9.6,0.6974,0.11308
NACA0006,9.7,0.6994,0.11453
NACA0006,9.8,0.7019,0.11593
NACA0006,9.9,0.7049,0.11732
NACA0006,10.1,0.1699,0.0169
NACA0006,10.2,0.1712,0.01748
NACA0006,10.3,0.1733,0.01807
NACA0006,10.4,0.1762,0.01867
NACA0006,10.5,0.1803,0.01928
NACA0006,10.6,0.1868,0.01996
NACA0006,10.7,0.2052,0.02215
NACA0006,10.8,0.2054,0.02282
NACA0006,10.9,0.2044,0.02346
NACA0006,11.0,0.2031,0.02405
NACA0006,11.1,0.2011,0.02454
NACA0006,11.2,0.1977,0.02495
NACA0006,11.3,0.1951,0.02542
NACA0006,11.4,0.195,0.02606
NACA0006,11.5,0.1965,0.02678
NACA0006,11.6,0.1987,0.02754
NACA0006,11.7,0.2013,0.02831
NACA0006,11.8,0.2043,0.0291
NACA0006,11.9,0.2078,0.02991
NACA0006,12.0,0.2119,0.03075
NACA0006,12.1,0.2175,0.03169
NACA0006,12.2,0.2283,0.03309
NACA0006,12.3,0.2402,0.03591
NACA0006,12.4,0.2409,0.0367
NACA0006,12.5,0.2416,0.03745
NACA0006,12.6,0.242,0.03814
NACA0006,12.7,0.2418,0.03876
NACA0006,12.8,0.2408,0.0393
NACA0006,12.9,0.2397,0.03979
NACA0006,13.0,0.2397,0.04039
NACA0006,13.1,0.2412,0.04118
NACA0006,13.2,0.2436,0.04208
NACA0006,13.3,0.2464,0.04303
NACA0006,13.4,0.2494,0.04401
NACA0006,13.5,0.2525,0.04501
NACA0006,13.6,0.2558,0.04603
NACA0006,13.7,0.2593,0.04707
NACA0006,13.8,0.2631,0.04814
NACA0006,13.9,0.2673,0.04926
NACA0006,14.0,0.2722,0.05052
NACA0006,14.1,0.2802,0.0523
NACA0006,14.2,0.2945,0.05652
NACA0006,14.3,0.2961,0.05747
NACA0006,14.4,0.2975,0.05836
NACA0006,14.5,0.2985,0.05918
NACA0006,14.6,0.2988,0.0599
NACA0006,14.7,0.299,0.06052
NACA0006,14.8,0.299,0.06104
NACA0006,14.9,0.2993,0.06154
NACA0006,15.0,0.3008,0.06231
NACA0008,0.0,-0.0,0.00841
NACA0008,0.1,0.0028,0.00842
NACA0008,0.2,0.0058,0.00844
NACA0008,0.3,0.0089,0.00847
NACA0008,0.4,0.0124,0.00851
NACA0008,0.6,0.0477,0.00857
NACA0008,0.7,0.0706,0.00858
NACA0008,0.8,0.0935,0.00857
NACA0008,0.9,0.118,0.00856
NACA0008,1.0,0.1401,0.00853
NACA0008,1.1,0.1625,0.00849
NACA0008,1.2,0.1835,0.00845
NACA0008,1.3,0.2032,0.00839
NACA0008,1.4,0.2206,0.00834
NACA0008,1.5,0.2385,0.00828
NACA0008,1.6,0.251,0.00824
NACA0008,1.7,0.2629,0.0082
NACA0008,1.8,0.2738,0.00818
NACA0008,1.9,0.2838,0.00817
NACA0008,2.0,0.2929,0.00818
NACA0008,2.1,0.3019,0.00821
NACA0008,2.2,0.3109,0.00826
NACA0008,2.3,0.3199,0.00833
NACA0008,2.4,0.3289,0.00841
NACA0008,2.5,0.3379,0.00851
NACA0008,2.6,0.3469,0.00863
NACA0008,2.7,0.3559,0.00876
NACA0008,2.8,0.365,0.00891
NACA0008,2.9,0.374,0.00907
NACA0008,3.0,0.383,0.00924
NACA0008,3.1,0.3919,0.00942
NACA0008,3.2,0.4008,0.00963
NACA0008,3.3,0.4096,0.00985
NACA0008,3.4,0.4186,0.01008
NACA0008,3.5,0.4273,0.01035
NACA0008,3.6,0.436,0.01063
NACA0008,3.7,0.4446,0.01097
NACA0008,3.8,0.453,0.01136
NACA0008,3.9,0.4614,0.01179
NACA0008,4.0,0.4699,0.01225
NACA0008,4.1,0.4784,0.01273
NACA0008,4.2,0.4872,0.01315
NACA0008,4.3,0.4967,0.01344
NACA0008,4.4,0.506,0.01379
NACA0008,4.5,0.5152,0.01415
NACA0008,4.6,0.5241,0.0146
NACA0008,4.7,0.5337,0.0149
NACA0008,4.8,0.543,0.01528
NACA0008,4.9,0.5511,0.01601
NACA0008,5.0,0.5613,0.01624
NACA0008,5.1,0.5713,0.01647
NACA0008,5.2,0.5807,0.0168
NACA0008,5.3,0.5889,0.01769
NACA0008,5.4,0.5991,0.01802
NACA0008,5.5,0.6091,0.01845
NACA0008,5.6,0.6191,0.01893
NACA0008,5.7,0.6289,0.01943
NACA0008,5.8,0.6387,0.01996
NACA0008,5.9,0.6483,0.02055
NACA0008,6.0,0.6577,0.02133
NACA0008,6.1,0.6667,0.02245
NACA0008,6.2,0.6753,0.02392
NACA0008,6.3,0.6838,0.02528
NACA0008,6.4,0.6928,0.02621
NACA0008,6.5,0.7014,0.02729
NACA0008,6.6,0.7101,0.02807
NACA0008,6.7,0.719,0.02859
NACA0008,6.8,0.7277,0.02915
NACA0008,6.9,0.7361,0.02977
NACA0008,7.0,0.7443,0.0304
NACA0008,7.1,0.7515,0.03151
NACA0008,7.2,0.758,0.03273
NACA0008,7.3,0.7642,0.034
NACA0008,7.4,0.77,0.0353
NACA0008,7.5,0.7753,0.03665
NACA0008,7.6,0.7798,0.03816
NACA0008,7.7,0.781,0.04054
NACA0008,7.8,0.777,0.04429
NACA0008,7.9,0.7743,0.0474
NACA0008,8.0,0.772,0.05015
NACA0008,8.1,0.7698,0.05264
NACA0008,8.2,0.7679,0.05489
NACA0008,8.3,0.7663,0.05696
NACA0008,8.4,0.7647,0.05898
NACA0008,8.5,0.7363,0.07128
NACA0008,8.6,0.7217,0.07429
NACA0008,8.7,0.715,0.07698
NACA0008,8.8,0.7094,0.08021
NACA0008,8.9,0.7045,0.08367
NACA0008,9.0,0.7002,0.08688
NACA0008,9.1,0.6966,0.08973
NACA0008,9.2,0.6938,0.09231
NACA0008,9.3,0.6916,0.09469
NACA0008,9.4,0.6898,0.09692
NACA0008,9.5,0.6884,0.09902
NACA0008,9.6,0.6875,0.10102
NACA0008,9.7,0.687,0.10291
NACA0008,9.8,0.687,0.10471
NACA0008,9.9,0.6874,0.10641
NACA0008,10.0,0.6882,0.10802
NACA0008,10.1,0.6893,0.10954
NACA0008,10.2,0.6909,0.11098
NACA0008,10.3,0.693,0.11231
NACA0008,10.4,0.6953,0.11362
NACA0008,10.5,0.6984,0.11483
NACA0008,10.6,0.701,0.11619
NACA0008,10.7,0.6991,0.11921
NACA0008,10.8,0.6985,0.12141
NACA0008,10.9,0.698,0.12356
NACA0008,11.0,0.6976,0.12567
NACA0008,11.1,0.6974,0.12773
NACA0008,11.2,0.6967,0.12978
NACA0008,11.3,0.6951,0.13187
NACA0008,11.4,0.6933,0.13394
NACA0008,11.5,0.6903,0.13611
NACA0008,11.6,0.6879,0.13825
NACA0008,11.7,0.6875,0.14017
NACA0008,11.8,0.6878,0.14197
NACA0008,11.9,0.6885,0.14371
NACA0008,12.0,0.6894,0.14541
NACA0008,12.1,0.6905,0.14706
NACA0008,12.2,0.6918,0.14867
NACA0008,12.3,0.6932,0.15025
NACA0008,12.4,0.6947,0.1518
NACA0008,12.5,0.6965,0.15332
NACA0008,12.6,0.6984,0.15482
NACA0008,12.7,0.7006,0.1563
NACA0008,12.8,0.703,0.15776
NACA0008,12.9,0.7058,0.15921
NACA0008,13.0,0.7091,0.16067
NACA0008,13.1,0.7131,0.16213
NACA0008,13.2,0.7172,0.16362
NACA0008,13.3,0.7214,0.16529
NACA0008,13.5,0.2165,0.03885
NACA0008,13.6,0.2165,0.03956
NACA0008,13.7,0.2186,0.04043
NACA0008,13.8,0.2215,0.04135
NACA0008,13.9,0.2248,0.04227
NACA0008,14.0,0.2288,0.04322
NACA0008,14.1,0.2334,0.04422
NACA0008,14.2,0.2395,0.04535
NACA0008,14.3,0.733,0.18376
NACA0008,14.4,0.7322,0.18498
NACA0008,14.5,0.732,0.18626
NACA0008,14.6,0.7328,0.18767
NACA0008,14.7,0.7344,0.18919
NACA0008,14.8,0.7365,0.19073
NACA0008,14.9,0.7387,0.19228
NACA0008,15.0,0.741,0.19382
NACA0010,0.0,0.0,0.01005
NACA0010,0.1,0.0261,0.01004
NACA0010,0.2,0.0506,0.01002
NACA0010,0.3,0.0718,0.00999
NACA0010,0.4,0.0933,0.00995
NACA0010,0.5,0.1171,0.00989
NACA0010,0.6,0.1388,0.00983
NACA0010,0.7,0.1603,0.00976
NACA0010,0.8,0.1808,0.00968
NACA0010,0.9,0.1989,0.00963
NACA0010,1.0,0.2185,0.00954
NACA0010,1.1,0.2367,0.00946
NACA0010,1.2,0.2511,0.0094
NACA0010,1.3,0.2596,0.00935
NACA0010,1.4,0.2682,0.00931
NACA0010,1.5,0.2769,0.00928
NACA0010,1.6,0.2857,0.00926
NACA0010,1.7,0.2947,0.00926
NACA0010,1.8,0.3037,0.00926
NACA0010,1.9,0.313,0.00928
NACA0010,2.0,0.3222,0.00931
NACA0010,2.1,0.3316,0.00934
NACA0010,2.2,0.3411,0.00938
NACA0010,2.3,0.3504,0.00944
NACA0010,2.4,0.36,0.00949
NACA0010,2.5,0.3693,0.00956
NACA0010,2.6,0.3786,0.00964
NACA0010,2.7,0.3881,0.00971
NACA0010,2.8,0.3974,0.00981
NACA0010,2.9,0.4067,0.00991
NACA0010,3.0,0.4161,0.01
NACA0010,3.1,0.4252,0.01011
NACA0010,3.2,0.4344,0.01023
NACA0010,3.3,0.4437,0.01034
NACA0010,3.4,0.4528,0.01047
NACA0010,3.5,0.4617,0.01062
NACA0010,3.6,0.4708,0.01075
NACA0010,3.7,0.4799,0.0109
NACA0010,3.8,0.4888,0.01106
NACA0010,3.9,0.4976,0.01123
NACA0010,4.0,0.5064,0.01142
NACA0010,4.1,0.515,0.01163
NACA0010,4.2,0.5237,0.01184
NACA0010,4.3,0.5323,0.01207
NACA0010,4.4,0.5408,0.01231
NACA0010,4.5,0.5493,0.01257
NACA0010,4.6,0.5577,0.01285
NACA0010,4.7,0.566,0.01315
NACA0010,4.8,0.5744,0.01345
NACA0010,4.9,0.583,0.01373
NACA0010,5.0,0.5915,0.01403
NACA0010,5.1,0.5992,0.01442
NACA0010,5.2,0.6084,0.01464
NACA0010,5.3,0.616,0.01505
NACA0010,5.4,0.625,0.0153
NACA0010,5.5,0.6337,0.01557
NACA0010,5.6,0.6407,0.0161
NACA0010,5.7,0.6503,0.01626
NACA0010,5.8,0.6593,0.01649
NACA0010,5.9,0.6673,0.01687
NACA0010,6.0,0.6752,0.01736
NACA0010,6.1,0.6844,0.01763
NACA0010,6.2,0.6934,0.01794
NACA0010,6.3,0.7022,0.01827
NACA0010,6.4,0.7107,0.01868
NACA0010,6.5,0.7179,0.01953
NACA0010,6.6,0.7271,0.01995
NACA0010,6.7,0.7365,0.02033
NACA0010,6.8,0.7458,0.02075
NACA0010,6.9,0.755,0.02115
NACA0010,7.0,0.764,0.0215
NACA0010,7.1,0.7729,0.02185
NACA0010,7.2,0.7811,0.02246
NACA0010,7.3,0.7888,0.02351
NACA0010,7.4,0.7981,0.02379
NACA0010,7.5,0.8071,0.0243
NACA0010,7.6,0.8159,0.02487
NACA0010,7.7,0.8245,0.02548
NACA0010,7.8,0.833,0.02611
NACA0010,7.9,0.8413,0.02674
NACA0010,8.0,0.8494,0.02738
NACA0010,8.1,0.8573,0.02802
NACA0010,8.2,0.865,0.0287
NACA0010,8.3,0.8724,0.02945
NACA0010,8.4,0.8792,0.03039
NACA0010,8.5,0.8848,0.03167
NACA0010,8.6,0.8885,0.03339
NACA0010,8.7,0.8902,0.03542
NACA0010,8.8,0.8928,0.03695
NACA0010,8.9,0.8964,0.03804
NACA0010,9.0,0.8992,0.03927
NACA0010,9.1,0.9011,0.04062
NACA0010,9.2,0.9021,0.04208
NACA0010,9.3,0.9021,0.04363
NACA0010,9.4,0.9012,0.04526
NACA0010,9.5,0.8995,0.04697
NACA0010,9.6,0.8968,0.04878
NACA0010,9.7,0.8932,0.05073
NACA0010,9.9,0.8886,0.05407
NACA0010,10.0,0.8868,0.05521
NACA0010,10.1,0.883,0.05638
NACA0010,10.2,0.8776,0.05756
NACA0010,10.3,0.8714,0.05883
NACA0010,10.4,0.8644,0.06025
NACA0010,10.5,0.8558,0.06192
NACA0010,10.6,0.7469,0.08575
NACA0010,10.7,0.7334,0.09161
NACA0010,10.8,0.727,0.09503
NACA0010,10.9,0.7233,0.09763
NACA0010,11.0,0.721,0.09976
NACA0010,11.1,0.72,0.10127
NACA0010,11.2,0.6956,0.11609
NACA0010,11.3,0.6736,0.12161
NACA0010,11.4,0.6714,0.12385
NACA0010,11.5,0.6703,0.12589
NACA0010,11.6,0.6698,0.12781
NACA0010,11.7,0.6699,0.12963
NACA0010,11.8,0.6703,0.13138
NACA0010,11.9,0.6712,0.13305
NACA0010,12.0,0.6724,0.13465
NACA0010,12.1,0.674,0.13618
NACA0010,12.2,0.676,0.13766
NACA0010,12.3,0.6784,0.13908
NACA0010,12.4,0.6816,0.14033
NACA0010,12.5,0.6867,0.14124
NACA0010,12.6,0.6977,0.14119
NACA0010,12.7,0.6985,0.14441
NACA0010,12.8,0.6975,0.14651
NACA0010,12.9,0.696,0.14858
NACA0010,13.0,0.6926,0.15079
NACA0010,13.1,0.6872,0.15311
NACA0010,13.2,0.6816,0.15549
NACA0010,13.3,0.6803,0.1573
NACA0010,13.4,0.6813,0.15885
NACA0010,13.5,0.6832,0.16029
NACA0010,13.6,0.6854,0.16173
NACA0010,13.7,0.688,0.16309
NACA0010,13.8,0.6912,0.16436
NACA0010,13.9,0.6953,0.16555
NACA0010,14.0,0.701,0.16665
NACA0010,14.1,0.7074,0.16765
NACA0010,14.2,0.714,0.16901
NACA0010,14.3,0.7142,0.1726
NACA0010,14.4,0.715,0.17452
NACA0010,14.5,0.7158,0.17639
NACA0010,14.6,0.7156,0.1783
NACA0010,14.7,0.7151,0.18013
NACA0010,14.8,0.7136,0.18187
NACA0010,14.9,0.7092,0.18335
NACA0010,15.0,0.7079,0.18505
NACA0012,0.0,0.0,0.01021
NACA0012,0.1,0.0103,0.01019
NACA0012,0.2,0.027,0.01019
NACA0012,0.3,0.0413,0.01022
NACA0012,0.4,0.0536,0.01024
NACA0012,0.5,0.0644,0.01023
NACA0012,0.6,0.0812,0.01026
NACA0012,0.7,0.097,0.0103
NACA0012,0.8,0.1124,0.01033
NACA0012,0.9,0.1247,0.01036
NACA0012,1.0,0.1388,0.01039
NACA0012,1.1,0.1571,0.01042
NACA0012,1.2,0.1752,0.01046
NACA0012,1.3,0.1924,0.0105
NACA0012,1.4,0.2078,0.01055
NACA0012,1.5,0.2208,0.01059
NACA0012,1.6,0.2399,0.01063
NACA0012,1.7,0.2581,0.01067
NACA0012,1.8,0.2753,0.01072
NACA0012,1.9,0.2913,0.01076
NACA0012,2.0,0.3056,0.01084
NACA0012,2.1,0.3244,0.01086
NACA0012,2.2,0.3422,0.01092
NACA0012,2.3,0.3595,0.01096
NACA0012,2.4,0.3759,0.01103
NACA0012,2.5,0.3937,0.01107
NACA0012,2.6,0.4116,0.01111
NACA0012,2.7,0.4291,0.01118
NACA0012,2.8,0.4403,0.01121
NACA0012,2.9,0.4494,0.01127
NACA0012,3.0,0.4587,0.0113
NACA0012,3.1,0.4678,0.01137
NACA0012,3.2,0.477,0.01142
NACA0012,3.3,0.4861,0.01149
NACA0012,3.4,0.4953,0.01155
NACA0012,3.5,0.5044,0.01163
NACA0012,3.6,0.5135,0.01171
NACA0012,3.7,0.5225,0.0118
NACA0012,3.8,0.5315,0.01189
NACA0012,3.9,0.5403,0.012
NACA0012,4.0,0.5491,0.01209
NACA0012,4.1,0.5576,0.01222
NACA0012,4.2,0.5665,0.01232
NACA0012,4.3,0.5747,0.01248
NACA0012,4.4,0.5835,0.01258
NACA0012,4.5,0.5918,0.01273
NACA0012,4.6,0.6002,0.01287
NACA0012,4.7,0.6086,0.01303
NACA0012,4.8,0.6166,0.01321
NACA0012,4.9,0.625,0.01336
NACA0012,5.0,0.6328,0.01358
NACA0012,5.1,0.641,0.01374
NACA0012,5.2,0.6489,0.01395
NACA0012,5.3,0.6567,0.01417
NACA0012,5.4,0.6647,0.01437
NACA0012,5.5,0.6721,0.01463
NACA0012,5.6,0.6802,0.01483
NACA0012,5.7,0.6875,0.01511
NACA0012,5.8,0.6954,0.01534
NACA0012,5.9,0.7031,0.01558
NACA0012,6.0,0.7101,0.0159
NACA0012,6.1,0.7184,0.01608
NACA0012,6.2,0.7256,0.01637
NACA0012,6.3,0.7329,0.01668
NACA0012,6.4,0.7412,0.01687
NACA0012,6.5,0.7487,0.01713
NACA0012,6.6,0.7544,0.01763
NACA0012,6.7,0.763,0.01781
NACA0012,6.8,0.7711,0.01805
NACA0012,6.9,0.7789,0.01831
NACA0012,7.0,0.7859,0.01867
NACA0012,7.1,0.7918,0.01927
NACA0012,7.2,0.8003,0.01948
NACA0012,7.3,0.8085,0.01973
NACA0012,7.4,0.8165,0.01999
NACA0012,7.5,0.8242,0.02026
NACA0012,7.6,0.8313,0.02066
NACA0012,7.7,0.8376,0.02138
NACA0012,7.8,0.8462,0.02156
NACA0012,7.9,0.8545,0.02184
NACA0012,8.0,0.8626,0.02218
NACA0012,8.1,0.8706,0.02253
NACA0012,8.2,0.8786,0.02288
NACA0012,8.3,0.8863,0.02328
NACA0012,8.4,0.8937,0.02381
NACA0012,8.5,0.9006,0.02483
NACA0012,8.6,0.9085,0.02541
NACA0012,8.7,0.9166,0.02579
NACA0012,8.8,0.9245,0.02625
NACA0012,8.9,0.9323,0.02675
NACA0012,9.0,0.9399,0.02727
NACA0012,9.1,0.9473,0.02782
NACA0012,9.2,0.9545,0.02838
NACA0012,9.3,0.9617,0.02891
NACA0012,9.4,0.9687,0.0294
NACA0012,9.5,0.9757,0.02988
NACA0012,9.6,0.9824,0.03042
NACA0012,9.7,0.9884,0.03127
NACA0012,9.8,0.9907,0.03318
NACA0012,9.9,0.9958,0.0336
NACA0012,10.0,1.0009,0.03401
NACA0012,10.1,1.0056,0.03457
NACA0012,10.2,1.0097,0.03526
NACA0012,10.3,1.0132,0.03608
NACA0012,10.4,1.016,0.03695
NACA0012,10.5,1.0183,0.03785
NACA0012,10.6,1.02,0.03877
NACA0012,10.7,1.021,0.03972
NACA0012,10.8,1.0214,0.04068
NACA0012,10.9,1.021,0.04165
NACA0012,11.0,1.0192,0.0426
NACA0012,11.1,1.0167,0.04356
NACA0012,11.2,1.0137,0.04457
NACA0012,11.3,1.0102,0.04564
NACA0012,11.4,1.0064,0.04676
NACA0012,11.5,1.0021,0.04795
NACA0012,11.6,0.9973,0.04922
NACA0012,11.7,0.992,0.0506
NACA0012,11.8,0.986,0.05208
NACA0012,11.9,0.9793,0.05371
NACA0012,12.0,0.9717,0.05553
NACA0012,12.1,0.9628,0.05756
NACA0012,12.2,0.9525,0.05991
NACA0012,12.3,0.9401,0.0627
NACA0012,12.4,0.9249,0.06611
NACA0012,12.5,0.9055,0.07044
NACA0012,12.6,0.8808,0.0762
NACA0012,12.7,0.8458,0.0847
NACA0012,12.8,0.7878,0.09965
NACA0012,12.9,0.7535,0.11011
NACA0012,13.0,0.74,0.11539
NACA0012,13.1,0.7313,0.11943
NACA0012,13.2,0.7249,0.12289
NACA0012,13.3,0.7201,0.12599
NACA0012,13.4,0.7164,0.12877
NACA0012,13.5,0.7139,0.13124
NACA0012,13.8,0.6634,0.15613
NACA0012,13.9,0.6615,0.15822
NACA0012,14.0,0.6616,0.16002
NACA0012,14.1,0.6625,0.1617
NACA0012,14.2,0.6641,0.16328
NACA0012,14.3,0.6661,0.16478
NACA0012,14.4,0.6685,0.16621
NACA0012,14.5,0.6713,0.16757
NACA0012,14.6,0.6747,0.16887
NACA0012,14.7,0.6785,0.17012
NACA0012,14.8,0.6829,0.17133
NACA0012,14.9,0.6879,0.17253
NACA0012,15.0,0.6929,0.17372
NACA0014,0.0,0.0,0.01051
NACA0014,0.1,0.011,0.01054
NACA0014,0.2,0.0221,0.01055
NACA0014,0.3,0.0328,0.01056
NACA0014,0.4,0.0436,0.01058
NACA0014,0.5,0.0554,0.01063
NACA0014,0.6,0.0669,0.01067
NACA0014,0.7,0.077,0.0107
NACA0014,0.8,0.0884,0.01074
NACA0014,0.9,0.1014,0.01081
NACA0014,1.0,0.114,0.01089
NACA0014,1.1,0.1239,0.01094
NACA0014,1.2,0.1351,0.01099
NACA0014,1.3,0.15,0.01109
NACA0014,1.4,0.1641,0.01117
NACA0014,1.5,0.1769,0.01125
NACA0014,1.6,0.186,0.01133
NACA0014,1.7,0.2012,0.0114
NACA0014,1.8,0.2177,0.0115
NACA0014,1.9,0.2339,0.01162
NACA0014,2.0,0.2494,0.0117
NACA0014,2.1,0.2626,0.01178
NACA0014,2.2,0.2739,0.01188
NACA0014,2.3,0.2928,0.01195
NACA0014,2.4,0.3115,0.01206
NACA0014,2.5,0.3298,0.01214
NACA0014,2.6,0.347,0.01223
NACA0014,2.7,0.3622,0.01234
NACA0014,2.8,0.373,0.0124
NACA0014,2.9,0.3919,0.01249
NACA0014,3.0,0.4106,0.01256
NACA0014,3.1,0.4285,0.01264
NACA0014,3.2,0.4452,0.01274
NACA0014,3.3,0.4609,0.0128
NACA0014,3.4,0.4745,0.01292
NACA0014,3.5,0.4935,0.01297
NACA0014,3.6,0.5114,0.01306
NACA0014,3.7,0.5288,0.01313
NACA0014,3.8,0.5453,0.01321
NACA0014,3.9,0.5612,0.01332
NACA0014,4.0,0.5794,0.01338
NACA0014,4.1,0.597,0.01347
NACA0014,4.2,0.6146,0.01354
NACA0014,4.3,0.6258,0.01366
NACA0014,4.4,0.6344,0.01369
NACA0014,4.5,0.6424,0.0138
NACA0014,4.6,0.6506,0.01387
NACA0014,4.7,0.6588,0.01395
NACA0014,4.9,0.675,0.01415
NACA0014,5.0,0.6828,0.01427
NACA0014,5.1,0.6906,0.0144
NACA0014,5.2,0.6987,0.01449
NACA0014,5.3,0.7058,0.01467
NACA0014,5.4,0.7139,0.01476
NACA0014,5.5,0.7212,0.01491
NACA0014,5.6,0.7283,0.01509
NACA0014,5.7,0.736,0.0152
NACA0014,5.8,0.7428,0.0154
NACA0014,5.9,0.75,0.01556
NACA0014,6.0,0.7574,0.01571
NACA0014,6.1,0.7636,0.01594
NACA0014,6.2,0.7709,0.0161
NACA0014,6.3,0.778,0.01626
NACA0014,6.4,0.7839,0.01652
NACA0014,6.5,0.791,0.0167
NACA0014,6.6,0.798,0.01686
NACA0014,6.7,0.8039,0.01711
NACA0014,6.8,0.81,0.01737
NACA0014,6.9,0.8173,0.01753
NACA0014,7.0,0.8238,0.01774
NACA0014,7.1,0.8292,0.01804
NACA0014,7.2,0.8351,0.01834
NACA0014,7.3,0.8422,0.01851
NACA0014,7.4,0.8489,0.01872
NACA0014,7.5,0.8548,0.01898
NACA0014,7.6,0.8594,0.01939
NACA0014,7.7,0.8662,0.01963
NACA0014,7.8,0.8732,0.01981
NACA0014,7.9,0.8798,0.02002
NACA0014,8.0,0.8859,0.02026
NACA0014,8.1,0.891,0.02063
NACA0014,8.2,0.8962,0.02109
NACA0014,8.3,0.9033,0.02127
NACA0014,8.4,0.91,0.02151
NACA0014,8.5,0.9164,0.02177
NACA0014,8.6,0.9227,0.02204
NACA0014,8.7,0.9287,0.02235
NACA0014,8.8,0.9341,0.02277
NACA0014,8.9,0.9394,0.02351
NACA0014,9.0,0.9464,0.02374
NACA0014,9.1,0.9532,0.02402
NACA0014,9.2,0.96,0.02434
NACA0014,9.3,0.9666,0.02468
NACA0014,9.4,0.973,0.02501
NACA0014,9.5,0.9794,0.02534
NACA0014,9.6,0.9855,0.02568
NACA0014,9.7,0.9913,0.0261
NACA0014,9.8,0.9974,0.02685
NACA0014,9.9,1.0036,0.02752
NACA0014,10.0,1.0096,0.02779
NACA0014,10.1,1.0153,0.02811
NACA0014,10.2,1.0208,0.02847
NACA0014,10.3,1.0263,0.02884
NACA0014,10.4,1.0316,0.02924
NACA0014,10.5,1.0369,0.02966
NACA0014,10.6,1.0419,0.03008
NACA0014,10.7,1.0465,0.03051
NACA0014,10.8,1.051,0.03097
NACA0014,10.9,1.0555,0.0315
NACA0014,11.0,1.06,0.0322
NACA0014,11.1,1.0647,0.03333
NACA0014,11.2,1.0678,0.03444
NACA0014,11.3,1.07,0.03493
NACA0014,11.4,1.072,0.03548
NACA0014,11.5,1.0739,0.03608
NACA0014,11.6,1.0755,0.03673
NACA0014,11.7,1.0768,0.03743
NACA0014,11.8,1.0779,0.03817
NACA0014,11.9,1.0787,0.03894
NACA0014,12.0,1.0792,0.03975
NACA0014,12.1,1.0793,0.04059
NACA0014,12.2,1.0793,0.04147
NACA0014,12.3,1.0789,0.04238
NACA0014,12.4,1.0781,0.04334
NACA0014,12.5,1.0768,0.04434
NACA0014,12.6,1.0752,0.04538
NACA0014,12.7,1.0733,0.04648
NACA0014,12.8,1.0711,0.04762
NACA0014,12.9,1.0686,0.04882
NACA0014,13.0,1.0657,0.05007
NACA0014,13.1,1.0626,0.05138
NACA0014,13.2,1.0594,0.05273
NACA0014,13.3,1.056,0.05414
NACA0014,13.4,1.0524,0.05561
NACA0014,13.5,1.0486,0.05712
NACA0014,13.6,1.0445,0.0587
NACA0014,13.7,1.0401,0.06036
NACA0014,13.8,1.0353,0.06211
NACA0014,13.9,1.0298,0.06399
NACA0014,14.0,1.0237,0.06601
NACA0014,14.1,1.0165,0.06823
NACA0014,14.2,1.008,0.07068
NACA0014,14.3,0.9981,0.07342
NACA0014,14.4,0.9856,0.0766
NACA0014,14.5,0.9636,0.08145
NACA0014,14.6,0.6978,0.14246
NACA0014,14.7,0.6945,0.14537
NACA0014,14.8,0.6925,0.14794
NACA0014,14.9,0.6918,0.15019
NACA0014,15.0,0.6921,0.15218
NACA0016,0.0,0.0,0.01126
NACA0016,0.1,0.0099,0.01125
NACA0016,0.2,0.0217,0.01126
NACA0016,0.4,0.043,0.0113
NACA0016,0.5,0.0531,0.0113
NACA0016,0.6,0.0651,0.01134
NACA0016,0.7,0.0764,0.01139
NACA0016,0.8,0.0862,0.01142
NACA0016,0.9,0.0963,0.01144
NACA0016,1.0,0.1087,0.01151
NACA0016,1.1,0.12,0.01158
NACA0016,1.2,0.1301,0.01161
NACA0016,1.3,0.1395,0.01165
NACA0016,1.4,0.1526,0.01175
NACA0016,1.5,0.1645,0.01183
NACA0016,1.6,0.1754,0.0119
NACA0016,1.7,0.1844,0.01195
NACA0016,1.8,0.1969,0.01206
NACA0016,1.9,0.2101,0.01214
NACA0016,2.0,0.2228,0.01224
NACA0016,2.1,0.2344,0.01234
NACA0016,2.2,0.2416,0.01241
NACA0016,2.3,0.2567,0.0125
NACA0016,2.4,0.2717,0.01262
NACA0016,2.5,0.2862,0.01277
NACA0016,2.6,0.2997,0.01286
NACA0016,2.7,0.3101,0.01293
NACA0016,2.8,0.3214,0.01303
NACA0016,2.9,0.3383,0.01318
NACA0016,3.0,0.3554,0.01327
NACA0016,3.1,0.3718,0.0134
NACA0016,3.2,0.3875,0.01355
NACA0016,3.3,0.4019,0.01362
NACA0016,3.4,0.4102,0.01369
NACA0016,3.5,0.4292,0.01384
NACA0016,3.6,0.4485,0.01394
NACA0016,3.7,0.4671,0.01404
NACA0016,3.8,0.4844,0.01419
NACA0016,3.9,0.5012,0.01427
NACA0016,4.0,0.516,0.01436
NACA0016,4.1,0.5254,0.0145
NACA0016,4.2,0.5446,0.01458
NACA0016,4.3,0.5631,0.01467
NACA0016,4.4,0.5803,0.01482
NACA0016,4.5,0.5976,0.01488
NACA0016,4.6,0.6133,0.01498
NACA0016,4.7,0.6269,0.01516
NACA0016,4.8,0.6431,0.01521
NACA0016,4.9,0.6612,0.01531
NACA0016,5.0,0.6782,0.01546
NACA0016,5.1,0.6954,0.01552
NACA0016,5.2,0.7112,0.01566
NACA0016,5.3,0.7266,0.01581
NACA0016,5.4,0.7446,0.01588
NACA0016,5.5,0.7611,0.01605
NACA0016,5.6,0.7786,0.01612
NACA0016,5.7,0.7921,0.01624
NACA0016,5.8,0.7983,0.01641
NACA0016,5.9,0.8056,0.01648
NACA0016,6.0,0.8126,0.01657
NACA0016,6.1,0.8189,0.0167
NACA0016,6.2,0.8247,0.0169
NACA0016,6.3,0.8319,0.01696
NACA0016,6.4,0.8385,0.01707
NACA0016,6.5,0.8442,0.01723
NACA0016,6.6,0.8495,0.01745
NACA0016,6.7,0.8564,0.01752
NACA0016,6.8,0.8625,0.01765
NACA0016,6.9,0.8677,0.01783
NACA0016,7.0,0.8721,0.0181
NACA0016,7.1,0.8787,0.01819
NACA0016,7.2,0.8845,0.01832
NACA0016,7.3,0.8896,0.0185
NACA0016,7.4,0.8938,0.01874
NACA0016,7.5,0.8983,0.019
NACA0016,7.6,0.9042,0.01912
NACA0016,7.7,0.9096,0.01927
NACA0016,7.8,0.9142,0.01946
NACA0016,7.9,0.9179,0.01971
NACA0016,8.0,0.9212,0.02005
NACA0016,8.1,0.9268,0.02017
NACA0016,8.2,0.9319,0.02032
NACA0016,8.3,0.9365,0.0205
NACA0016,8.4,0.9404,0.02072
NACA0016,8.5,0.9434,0.02101
NACA0016,8.6,0.9468,0.02138
NACA0016,8.7,0.952,0.02154
NACA0016,8.8,0.9568,0.02173
NACA0016,8.9,0.9613,0.02194
NACA0016,9.0,0.9655,0.02216
NACA0016,9.1,0.9692,0.02241
NACA0016,9.2,0.9723,0.02274
NACA0016,9.3,0.9755,0.02328
NACA0016,9.4,0.9802,0.02348
NACA0016,9.5,0.9848,0.0237
NACA0016,9.6,0.9892,0.02394
NACA0016,9.7,0.9933,0.02419
NACA0016,9.8,0.9966,0.02443
NACA0016,9.9,0.9995,0.02469
NACA0016,10.0,1.0022,0.02499
NACA0016,10.1,1.0051,0.0254
NACA0016,10.2,1.0101,0.02605
NACA0016,10.3,1.0136,0.02628
NACA0016,10.4,1.0174,0.02654
NACA0016,10.5,1.0214,0.02684
NACA0016,10.6,1.0255,0.02716
NACA0016,10.7,1.0295,0.0275
NACA0016,10.8,1.0336,0.02785
NACA0016,10.9,1.0377,0.02823
NACA0016,11.0,1.0416,0.02865
NACA0016,11.1,1.0458,0.02914
NACA0016,11.2,1.051,0.02981
NACA0016,11.3,1.0567,0.03052
NACA0016,11.4,1.0605,0.03093
NACA0016,11.5,1.064,0.03137
NACA0016,11.6,1.0676,0.03185
NACA0016,11.7,1.0713,0.03236
NACA0016,11.8,1.0748,0.03288
NACA0016,11.9,1.0783,0.03341
NACA0016,12.0,1.0818,0.03394
NACA0016,12.1,1.0853,0.03449
NACA0016,12.2,1.0887,0.03505
NACA0016,12.3,1.0921,0.03561
NACA0016,12.4,1.0956,0.0362
NACA0016,12.5,1.099,0.03682
NACA0016,12.6,1.1021,0.03754
NACA0016,12.7,1.1056,0.03847
NACA0016,12.8,1.1078,0.03969
NACA0016,12.9,1.1085,0.04038
NACA0016,13.0,1.109,0.04112
NACA0016,13.1,1.1095,0.04191
NACA0016,13.2,1.1096,0.04275
NACA0016,13.3,1.1097,0.04362
NACA0016,13.4,1.1097,0.04453
NACA0016,13.5,1.1092,0.0455
NACA0016,13.6,1.1088,0.04648
NACA0016,13.7,1.1082,0.0475
NACA0016,13.8,1.1078,0.04853
NACA0016,13.9,1.1073,0.04959
NACA0016,14.0,1.1067,0.05066
NACA0016,14.1,1.1062,0.05175
NACA0016,14.2,1.1053,0.05289
NACA0016,14.3,1.1045,0.05405
NACA0016,14.4,1.1037,0.05523
NACA0016,14.5,1.1028,0.05644
NACA0016,14.6,1.1018,0.05768
NACA0016,14.7,1.1005,0.05897
NACA0016,14.8,1.0986,0.06036
NACA0016,14.9,1.0962,0.06183
NACA0016,15.0,1.0926,0.06347
NACA0018,0.0,-0.0,0.0122
NACA0018,0.1,0.0107,0.01218
NACA0018,0.2,0.0215,0.01218
NACA0018,0.3,0.0322,0.01219
NACA0018,0.4,0.0427,0.01222
NACA0018,0.5,0.0534,0.01222
NACA0018,0.6,0.0644,0.01223
NACA0018,0.7,0.0752,0.01225
NACA0018,0.8,0.0856,0.01229
NACA0018,0.9,0.096,0.01233
NACA0018,1.0,0.1073,0.01234
NACA0018,1.1,0.1183,0.01238
NACA0018,1.2,0.1287,0.01242
NACA0018,1.3,0.1386,0.01248
NACA0018,1.4,0.15,0.01251
NACA0018,1.5,0.1614,0.01256
NACA0018,1.6,0.1722,0.01262
NACA0018,1.7,0.1822,0.01268
NACA0018,1.8,0.1924,0.01274
NACA0018,1.9,0.2045,0.0128
NACA0018,2.0,0.2159,0.01287
NACA0018,2.1,0.2266,0.01295
NACA0018,2.2,0.236,0.01304
NACA0018,2.3,0.247,0.01309
NACA0018,2.4,0.2595,0.01318
NACA0018,2.5,0.2714,0.01328
NACA0018,2.6,0.2825,0.0134
NACA0018,2.7,0.291,0.01347
NACA0018,2.8,0.3027,0.01353
NACA0018,2.9,0.3163,0.01365
NACA0018,3.0,0.3295,0.01379
NACA0018,3.1,0.3419,0.01395
NACA0018,3.2,0.3515,0.014
NACA0018,3.3,0.3604,0.01405
NACA0018,3.4,0.3757,0.0142
NACA0018,3.5,0.3909,0.01438
NACA0018,3.6,0.4055,0.0145
NACA0018,3.7,0.4192,0.0146
NACA0018,3.8,0.4301,0.01471
NACA0018,3.9,0.4385,0.01481
NACA0018,4.0,0.4557,0.01497
NACA0018,4.1,0.473,0.01508
NACA0018,4.2,0.4898,0.01522
NACA0018,4.3,0.5062,0.01541
NACA0018,4.4,0.5226,0.01553
NACA0018,4.5,0.5367,0.01562
NACA0018,4.6,0.5435,0.01571
NACA0018,4.7,0.5624,0.0159
NACA0018,4.8,0.5814,0.01601
NACA0018,4.9,0.5999,0.01611
NACA0018,5.0,0.6172,0.01626
NACA0018,5.1,0.6335,0.01645
NACA0018,5.2,0.649,0.01652
NACA0018,5.3,0.6609,0.01663
NACA0018,5.4,0.6738,0.01678
NACA0018,5.5,0.6919,0.01694
NACA0018,5.6,0.7101,0.01702
NACA0018,5.7,0.727,0.01715
NACA0018,5.8,0.7425,0.01735
NACA0018,5.9,0.7578,0.01745
NACA0018,6.0,0.7705,0.01757
NACA0018,6.1,0.7871,0.01771
NACA0018,6.2,0.804,0.01791
NACA0018,6.3,0.8216,0.01798
NACA0018,6.4,0.8378,0.01811
NACA0018,6.5,0.8527,0.01832
NACA0018,6.6,0.8676,0.0185
NACA0018,6.7,0.8851,0.01857
NACA0018,6.8,0.9014,0.01872
NACA0018,6.9,0.9167,0.019
NACA0018,7.0,0.9322,0.01908
NACA0018,7.1,0.9375,0.01917
NACA0018,7.2,0.9421,0.01929
NACA0018,7.3,0.9461,0.01945
NACA0018,7.4,0.9497,0.01969
NACA0018,7.5,0.9546,0.01979
NACA0018,7.6,0.9594,0.01988
NACA0018,7.7,0.9636,0.02
NACA0018,7.8,0.9672,0.02014
NACA0018,7.9,0.97,0.02032
NACA0018,8.0,0.9724,0.02058
NACA0018,8.1,0.976,0.02072
NACA0018,8.2,0.9797,0.02083
NACA0018,8.3,0.9829,0.02095
NACA0018,8.4,0.9856,0.02109
NACA0018,8.5,0.9875,0.02126
NACA0018,8.6,0.9887,0.02148
NACA0018,8.7,0.9899,0.0218
NACA0018,8.8,0.9926,0.02193
NACA0018,8.9,0.9951,0.02206
NACA0018,9.0,0.9972,0.02221
NACA0018,9.1,0.9989,0.02237
NACA0018,9.2,1.0002,0.02254
NACA0018,9.3,1.0008,0.02274
NACA0018,9.4,1.0002,0.02296
NACA0018,9.5,0.9997,0.02325
NACA0018,9.6,1.0008,0.02355
NACA0018,9.7,1.0012,0.02369
NACA0018,9.8,1.0021,0.02385
NACA0018,9.9,1.0032,0.02404
NACA0018,10.0,1.0044,0.02425
NACA0018,10.1,1.0058,0.02447
NACA0018,10.2,1.0073,0.02471
NACA0018,10.3,1.0089,0.02502
NACA0018,10.4,1.0112,0.0254
NACA0018,10.5,1.0151,0.02588
NACA0018,10.6,1.018,0.02612
NACA0018,10.7,1.0212,0.0264
NACA0018,10.8,1.0247,0.02671
NACA0018,10.9,1.0281,0.02703
NACA0018,11.0,1.0315,0.02737
NACA0018,11.1,1.0349,0.02773
NACA0018,11.2,1.0382,0.02813
NACA0018,11.3,1.0417,0.02859
NACA0018,11.4,1.0461,0.02915
NACA0018,11.5,1.0509,0.02967
NACA0018,11.6,1.0545,0.03008
NACA0018,11.7,1.058,0.03051
NACA0018,11.8,1.0616,0.03096
NACA0018,11.9,1.0653,0.03142
NACA0018,12.0,1.0688,0.0319
NACA0018,12.1,1.0722,0.03239
NACA0018,12.2,1.0756,0.03289
NACA0018,12.3,1.079,0.03341
NACA0018,12.4,1.0823,0.03395
NACA0018,12.5,1.0859,0.03454
NACA0018,12.6,1.0912,0.03521
NACA0018,12.7,1.0953,0.0359
NACA0018,12.8,1.0969,0.03652
NACA0018,12.9,1.0987,0.03717
NACA0018,13.0,1.1004,0.03784
NACA0018,13.1,1.1022,0.03852
NACA0018,13.2,1.104,0.03921
NACA0018,13.3,1.1058,0.03992
NACA0018,13.4,1.1078,0.04062
NACA0018,13.5,1.1099,0.04133
NACA0018,13.6,1.112,0.04205
NACA0018,13.7,1.1141,0.04278
NACA0018,13.8,1.1163,0.04352
NACA0018,13.9,1.1184,0.0443
NACA0018,14.0,1.1212,0.04508
NACA0018,14.1,1.1247,0.04594
NACA0018,14.2,1.1259,0.047
NACA0018,14.3,1.1254,0.04799
NACA0018,14.4,1.1248,0.04902
NACA0018,14.5,1.1238,0.05011
NACA0018,14.6,1.1226,0.05124
NACA0018,14.7,1.1212,0.05242
NACA0018,14.8,1.1195,0.05366
NACA0018,14.9,1.1177,0.05492
NACA0018,15.0,1.1159,0.05621
NACA0020,0.0,0.0,0.01319
NACA0020,0.1,0.0103,0.01319
NACA0020,0.2,0.0207,0.01321
NACA0020,0.3,0.0321,0.01322
NACA0020,0.4,0.0426,0.01321
NACA0020,0.5,0.053,0.01321
NACA0020,0.6,0.0633,0.01323
NACA0020,0.7,0.0733,0.01326
NACA0020,0.8,0.0852,0.01329
NACA0020,0.9,0.0958,0.01329
NACA0020,1.0,0.1061,0.01331
NACA0020,1.1,0.1162,0.01333
NACA0020,1.2,0.1259,0.01336
NACA0020,1.3,0.1382,0.01343
NACA0020,1.4,0.1489,0.01344
NACA0020,1.5,0.1592,0.01347
NACA0020,1.6,0.169,0.0135
NACA0020,1.7,0.1785,0.01353
NACA0020,1.8,0.1911,0.01362
NACA0020,1.9,0.2021,0.01366
NACA0020,2.0,0.2123,0.0137
NACA0020,2.1,0.2219,0.01373
NACA0020,2.2,0.2314,0.01377
NACA0020,2.3,0.2439,0.01388
NACA0020,2.4,0.2554,0.01397
NACA0020,2.5,0.2656,0.01401
NACA0020,2.6,0.275,0.01405
NACA0020,2.7,0.2841,0.01409
NACA0020,2.8,0.2968,0.01421
NACA0020,2.9,0.3089,0.01435
NACA0020,3.0,0.3194,0.01442
NACA0020,3.1,0.3288,0.01447
NACA0020,3.2,0.3368,0.01451
NACA0020,3.3,0.3499,0.01463
NACA0020,3.4,0.3628,0.01482
NACA0020,3.5,0.3742,0.01491
NACA0020,3.6,0.3845,0.01498
NACA0020,3.7,0.3916,0.01502
NACA0020,3.8,0.4035,0.01514
NACA0020,3.9,0.4174,0.01532
NACA0020,4.0,0.4308,0.01548
NACA0020,4.1,0.443,0.01558
NACA0020,4.2,0.4532,0.01567
NACA0020,4.3,0.4581,0.01571
NACA0020,4.4,0.4735,0.0159
NACA0020,4.5,0.4892,0.01611
NACA0020,4.6,0.5039,0.01623
NACA0020,4.7,0.5181,0.01636
NACA0020,4.8,0.531,0.01649
NACA0020,4.9,0.54,0.01662
NACA0020,5.0,0.5493,0.01678
NACA0020,5.1,0.5665,0.0169
NACA0020,5.2,0.5837,0.01705
NACA0020,5.3,0.6006,0.01721
NACA0020,5.4,0.6171,0.01742
NACA0020,5.5,0.6335,0.01759
NACA0020,5.6,0.648,0.0177
NACA0020,5.7,0.6509,0.01777
NACA0020,5.8,0.67,0.01793
NACA0020,5.9,0.6885,0.01817
NACA0020,6.0,0.7069,0.01832
NACA0020,6.1,0.7245,0.01844
NACA0020,6.2,0.7409,0.01858
NACA0020,6.3,0.7559,0.01877
NACA0020,6.4,0.7693,0.01899
NACA0020,6.5,0.7772,0.01908
NACA0020,6.6,0.7956,0.01919
NACA0020,6.7,0.8132,0.01935
NACA0020,6.8,0.8297,0.01957
NACA0020,6.9,0.8458,0.01977
NACA0020,7.0,0.8613,0.01989
NACA0020,7.1,0.8749,0.02002
NACA0020,7.2,0.8868,0.0202
NACA0020,7.3,0.9034,0.02045
NACA0020,7.4,0.9204,0.0206
NACA0020,7.5,0.9367,0.02072
NACA0020,7.6,0.9519,0.02087
NACA0020,7.7,0.9661,0.02108
NACA0020,7.8,0.9798,0.02139
NACA0020,7.9,0.9965,0.02152
NACA0020,8.0,1.0128,0.02164
NACA0020,8.1,1.0283,0.0218
NACA0020,8.2,1.0384,0.022
NACA0020,8.3,1.0396,0.02219
NACA0020,8.4,1.0414,0.02241
NACA0020,8.5,1.0429,0.02249
NACA0020,8.6,1.044,0.02258
NACA0020,8.7,1.0448,0.02269
NACA0020,8.8,1.0451,0.0228
NACA0020,8.9,1.0448,0.02293
NACA0020,9.0,1.044,0.02307
NACA0020,9.1,1.0427,0.02322
NACA0020,9.2,1.0408,0.02341
NACA0020,9.3,1.0394,0.02366
NACA0020,9.4,1.0366,0.02378
NACA0020,9.5,1.0329,0.02386
NACA0020,9.6,1.0298,0.02396
NACA0020,9.7,1.0272,0.02408
NACA0020,9.8,1.025,0.02421
NACA0020,9.9,1.0233,0.02436
NACA0020,10.0,1.0218,0.02452
NACA0020,10.1,1.0207,0.02471
NACA0020,10.2,1.0201,0.02493
NACA0020,10.3,1.0201,0.0252
NACA0020,10.4,1.0223,0.02557
NACA0020,10.5,1.0235,0.02583
NACA0020,10.6,1.024,0.02604
NACA0020,10.7,1.0249,0.02629
NACA0020,10.8,1.0261,0.02655
NACA0020,10.9,1.0276,0.02683
NACA0020,11.0,1.0292,0.02712
NACA0020,11.1,1.031,0.02744
NACA0020,11.2,1.0331,0.0278
NACA0020,11.3,1.0358,0.0282
NACA0020,11.4,1.0405,0.02867
NACA0020,11.5,1.0439,0.02907
NACA0020,11.6,1.0462,0.02945
NACA0020,11.7,1.049,0.02985
NACA0020,11.8,1.0519,0.03026
NACA0020,11.9,1.0547,0.03069
NACA0020,12.0,1.0577,0.03113
NACA0020,12.1,1.0608,0.03158
NACA0020,12.2,1.0637,0.03205
NACA0020,12.3,1.0668,0.03254
NACA0020,12.4,1.0704,0.03305
NACA0020,12.5,1.076,0.03359
NACA0020,12.6,1.0797,0.03416
NACA0020,12.7,1.0814,0.03472
NACA0020,12.8,1.0831,0.03531
NACA0020,12.9,1.0851,0.03591
NACA0020,13.0,1.0872,0.03651
NACA0020,13.1,1.0894,0.03713
NACA0020,13.2,1.0915,0.03775
NACA0020,13.3,1.0939,0.03836
NACA0020,13.4,1.0962,0.03899
NACA0020,13.5,1.0984,0.03965
NACA0020,13.6,1.1013,0.04029
NACA0020,13.7,1.1052,0.04092
NACA0020,13.8,1.1108,0.04156
NACA0020,13.9,1.111,0.04238
NACA0020,14.0,1.1113,0.04324
NACA0020,14.1,1.1116,0.04412
NACA0020,14.2,1.1121,0.04499
NACA0020,14.3,1.1127,0.04587
NACA0020,14.4,1.1132,0.04677
NACA0020,14.5,1.1139,0.04767
NACA0020,14.6,1.1149,0.04855
NACA0020,14.7,1.1161,0.04942
NACA0020,14.8,1.1172,0.05031
NACA0020,14.9,1.1184,0.0512
NACA0020,15.0,1.1197,0.0521
NACA24010,0.0,0.2467,0.00939
NACA24010,0.1,0.2562,0.00941
NACA24010,0.2,0.2657,0.00945
NACA24010,0.3,0.2752,0.0095
NACA24010,0.4,0.2848,0.00955
NACA24010,0.5,0.2945,0.00961
NACA24010,0.6,0.3042,0.00968
NACA24010,0.7,0.3138,0.00975
NACA24010,0.8,0.3234,0.00982
NACA24010,0.9,0.333,0.0099
NACA24010,1.0,0.3425,0.00999
NACA24010,1.1,0.3522,0.01007
NACA24010,1.2,0.3618,0.01016
NACA24010,1.3,0.3714,0.01025
NACA24010,1.4,0.381,0.01035
NACA24010,1.5,0.3907,0.01044
NACA24010,1.6,0.4004,0.01052
NACA24010,1.7,0.4101,0.01063
NACA24010,1.8,0.4198,0.01071
NACA24010,1.9,0.4296,0.01081
NACA24010,2.0,0.4393,0.0109
NACA24010,2.1,0.4491,0.01099
NACA24010,2.2,0.4588,0.01109
NACA24010,2.3,0.4686,0.01119
NACA24010,2.4,0.4784,0.01128
NACA24010,2.5,0.4882,0.0114
NACA24010,2.6,0.4981,0.01148
NACA24010,2.7,0.5079,0.01159
NACA24010,2.8,0.5178,0.01169
NACA24010,2.9,0.5277,0.01178
NACA24010,3.0,0.5375,0.0119
NACA24010,3.1,0.5474,0.012
NACA24010,3.2,0.5574,0.01209
NACA24010,3.3,0.5672,0.01222
NACA24010,3.4,0.5772,0.01233
NACA24010,3.5,0.5872,0.01242
NACA24010,3.6,0.5972,0.01254
NACA24010,3.7,0.6071,0.01268
NACA24010,3.8,0.6172,0.01276
NACA24010,3.9,0.6272,0.01287
NACA24010,4.0,0.6372,0.01301
NACA24010,4.1,0.6472,0.01313
NACA24010,4.2,0.6573,0.01323
NACA24010,4.3,0.6673,0.01335
NACA24010,4.4,0.6774,0.0135
NACA24010,4.5,0.6874,0.01362
NACA24010,4.6,0.6975,0.01372
NACA24010,4.7,0.7076,0.01385
NACA24010,4.8,0.7177,0.01401
NACA24010,4.9,0.7279,0.01413
NACA24010,5.0,0.738,0.01424
NACA24010,5.1,0.7481,0.01437
NACA24010,5.2,0.7583,0.01453
NACA24010,5.3,0.7685,0.01467
NACA24010,5.4,0.7786,0.01478
NACA24010,5.5,0.7888,0.01491
NACA24010,5.6,0.7991,0.01507
NACA24010,5.7,0.8093,0.01522
NACA24010,5.8,0.8194,0.01534
NACA24010,5.9,0.8296,0.01547
NACA24010,6.0,0.84,0.01563
NACA24010,6.1,0.8501,0.01579
NACA24010,6.2,0.8602,0.0159
NACA24010,6.3,0.8704,0.01603
NACA24010,6.4,0.8808,0.0162
NACA24010,6.5,0.8908,0.01635
NACA24010,6.6,0.9009,0.01646
NACA24010,6.7,0.9111,0.01659
NACA24010,6.8,0.9214,0.01676
NACA24010,6.9,0.9312,0.01688
NACA24010,7.0,0.9412,0.01698
NACA24010,7.1,0.9514,0.01711
NACA24010,7.2,0.9613,0.01725
NACA24010,7.3,0.971,0.01733
NACA24010,7.4,0.981,0.01743
NACA24010,7.5,0.9908,0.01756
NACA24010,7.6,1.0005,0.01763
NACA24010,7.7,1.0103,0.01772
NACA24010,7.8,1.0199,0.01784
NACA24010,7.9,1.0295,0.01791
NACA24010,8.0,1.0392,0.01803
NACA24010,8.1,1.0487,0.01812
NACA24010,8.2,1.0582,0.0182
NACA24010,8.3,1.0677,0.01832
NACA24010,8.4,1.0771,0.01841
NACA24010,8.5,1.0864,0.01853
NACA24010,8.6,1.0958,0.01862
NACA24010,8.7,1.1049,0.01875
NACA24010,8.8,1.1141,0.01886
NACA24010,8.9,1.1232,0.01901
NACA24010,9.0,1.1318,0.01917
NACA24010,9.1,1.1409,0.01932
NACA24010,9.2,1.1496,0.01951
NACA24010,9.3,1.158,0.01973
NACA24010,9.4,1.166,0.02001
NACA24010,9.5,1.1735,0.02034
NACA24010,9.6,1.1801,0.02076
NACA24010,9.7,1.186,0.02126
NACA24010,9.8,1.1915,0.02181
NACA24010,9.9,1.1963,0.02242
NACA24010,10.0,1.2006,0.02306
NACA24010,10.1,1.2044,0.02372
NACA24010,10.2,1.2082,0.02436
NACA24010,10.3,1.2121,0.02499
NACA24010,10.4,1.2145,0.02569
NACA24010,10.5,1.218,0.02631
NACA24010,10.6,1.2206,0.02697
NACA24010,10.7,1.2217,0.0277
NACA24010,10.8,1.2243,0.0283
NACA24010,10.9,1.2252,0.02894
NACA24010,11.0,1.2245,0.02969
NACA24010,11.1,1.2254,0.0304
NACA24010,11.2,1.2267,0.03109
NACA24010,11.3,1.2273,0.03183
NACA24010,11.4,1.2271,0.03266
NACA24010,11.5,1.2255,0.03364
NACA24010,11.6,1.227,0.03445
NACA24010,11.7,1.2277,0.03533
NACA24010,11.8,1.2282,0.03625
NACA24010,11.9,1.2285,0.0372
NACA24010,12.0,1.2288,0.03819
NACA24010,12.1,1.2289,0.03922
NACA24010,12.2,1.2289,0.0403
NACA24010,12.3,1.2293,0.04138
NACA24010,12.4,1.2296,0.0425
NACA24010,12.5,1.2297,0.04365
NACA24010,12.6,1.2297,0.04482
NACA24010,12.7,1.2299,0.04598
NACA24010,12.8,1.2302,0.04712
NACA24010,12.9,1.231,0.04821
NACA24010,13.0,1.2329,0.04918
NACA24010,13.1,1.2312,0.05064
NACA24010,13.2,1.2295,0.05214
NACA24010,13.3,1.2278,0.05365
NACA24010,13.4,1.2264,0.05516
NACA24010,13.5,1.225,0.05665
NACA24010,13.6,1.2237,0.05815
NACA24010,13.7,1.2222,0.05968
NACA24010,13.8,1.2207,0.06122
NACA24010,13.9,1.2192,0.06276
NACA24010,14.0,1.2177,0.06432
NACA24010,14.1,1.2164,0.06583
NACA24010,14.2,1.2156,0.06726
NACA24010,14.3,1.2156,0.06859
NACA24010,14.4,1.2165,0.06977
NACA24010,14.5,1.2145,0.07144
NACA24010,14.6,1.2092,0.07363
NACA24010,14.7,1.2037,0.07586
NACA24010,14.8,1.1979,0.07816
NACA24010,14.9,1.192,0.08052
NACA24010,15.0,1.1859,0.08294
NACA24012,0.0,0.2101,0.01092
NACA24012,0.1,0.2338,0.01106
NACA24012,0.2,0.2544,0.01117
NACA24012,0.3,0.2734,0.01124
NACA24012,0.4,0.2904,0.0113
NACA24012,0.5,0.308,0.01135
NACA24012,0.6,0.3252,0.01141
NACA24012,0.7,0.343,0.01146
NACA24012,0.8,0.3607,0.01151
NACA24012,0.9,0.3767,0.01156
NACA24012,1.0,0.386,0.0116
NACA24012,1.1,0.3954,0.01164
NACA24012,1.2,0.4048,0.01168
NACA24012,1.3,0.4142,0.01174
NACA24012,1.4,0.4237,0.01177
NACA24012,1.5,0.4331,0.01184
NACA24012,1.6,0.4427,0.01188
NACA24012,1.7,0.4521,0.01195
NACA24012,1.8,0.4618,0.01199
NACA24012,1.9,0.4713,0.01206
NACA24012,2.0,0.4808,0.01213
NACA24012,2.1,0.4904,0.01218
NACA24012,2.2,0.4998,0.01227
NACA24012,2.3,0.5093,0.01232
NACA24012,2.4,0.5187,0.01239
NACA24012,2.5,0.528,0.0125
NACA24012,2.6,0.5375,0.01255
NACA24012,2.7,0.547,0.01262
NACA24012,2.8,0.5563,0.01273
NACA24012,2.9,0.5658,0.0128
NACA24012,3.0,0.5752,0.01287
NACA24012,3.1,0.5846,0.01297
NACA24012,3.2,0.5941,0.01309
NACA24012,3.3,0.6035,0.01315
NACA24012,3.4,0.6129,0.01323
NACA24012,3.5,0.6223,0.01334
NACA24012,3.6,0.6318,0.01346
NACA24012,3.7,0.6412,0.01354
NACA24012,3.8,0.6507,0.01363
NACA24012,3.9,0.6601,0.01374
NACA24012,4.0,0.6696,0.01388
NACA24012,4.1,0.679,0.01396
NACA24012,4.2,0.6885,0.01406
NACA24012,4.3,0.6979,0.01417
NACA24012,4.4,0.7075,0.01432
NACA24012,4.5,0.7169,0.01442
NACA24012,4.6,0.7264,0.01451
NACA24012,4.7,0.7359,0.01463
NACA24012,4.8,0.7455,0.01476
NACA24012,4.9,0.7551,0.01492
NACA24012,5.0,0.7644,0.01501
NACA24012,5.1,0.7739,0.01512
NACA24012,5.2,0.7835,0.01524
NACA24012,5.3,0.7932,0.01539
NACA24012,5.4,0.8028,0.01555
NACA24012,5.5,0.8121,0.01565
NACA24012,5.6,0.8216,0.01577
NACA24012,5.7,0.8313,0.0159
NACA24012,5.8,0.8412,0.01607
NACA24012,5.9,0.8506,0.01622
NACA24012,6.0,0.8599,0.01633
NACA24012,6.1,0.8694,0.01646
NACA24012,6.2,0.8791,0.0166
NACA24012,6.3,0.8891,0.01677
NACA24012,6.4,0.8984,0.01692
NACA24012,6.5,0.9076,0.01704
NACA24012,6.6,0.9171,0.01717
NACA24012,6.7,0.9269,0.01732
NACA24012,6.8,0.937,0.01751
NACA24012,6.9,0.946,0.01764
NACA24012,7.0,0.9552,0.01777
NACA24012,7.1,0.9648,0.0179
NACA24012,7.2,0.9747,0.01805
NACA24012,7.3,0.9847,0.01825
NACA24012,7.4,0.9934,0.01837
NACA24012,7.5,1.0028,0.0185
NACA24012,7.6,1.0125,0.01863
NACA24012,7.7,1.0226,0.0188
NACA24012,7.8,1.0316,0.01896
NACA24012,7.9,1.0405,0.01909
NACA24012,8.0,1.05,0.01921
NACA24012,8.1,1.0598,0.01935
NACA24012,8.2,1.0691,0.01952
NACA24012,8.3,1.0777,0.01965
NACA24012,8.4,1.0869,0.01977
NACA24012,8.5,1.0966,0.01989
NACA24012,8.6,1.1056,0.02006
NACA24012,8.7,1.114,0.02018
NACA24012,8.8,1.1231,0.02029
NACA24012,8.9,1.1327,0.02043
NACA24012,9.0,1.1408,0.02058
NACA24012,9.1,1.1493,0.0207
NACA24012,9.2,1.1583,0.02081
NACA24012,9.3,1.167,0.02098
NACA24012,9.4,1.1749,0.02111
NACA24012,9.5,1.1834,0.02123
NACA24012,9.6,1.1921,0.0214
NACA24012,9.7,1.1996,0.02155
NACA24012,9.8,1.2077,0.02168
NACA24012,9.9,1.2159,0.02185
NACA24012,10.0,1.2232,0.02202
NACA24012,10.1,1.2309,0.02217
NACA24012,10.2,1.2383,0.02236
NACA24012,10.3,1.2455,0.02254
NACA24012,10.4,1.2525,0.02272
NACA24012,10.5,1.2593,0.02295
NACA24012,10.6,1.2659,0.02315
NACA24012,10.7,1.272,0.0234
NACA24012,10.8,1.2784,0.02363
NACA24012,10.9,1.2837,0.02391
NACA24012,11.0,1.2896,0.02418
NACA24012,11.1,1.2942,0.02449
NACA24012,11.2,1.2993,0.02482
NACA24012,11.3,1.3026,0.02516
NACA24012,11.4,1.306,0.02553
NACA24012,11.5,1.3081,0.02594
NACA24012,11.6,1.3106,0.02638
NACA24012,11.7,1.3122,0.02687
NACA24012,11.8,1.3138,0.0274
NACA24012,11.9,1.3149,0.02797
NACA24012,12.0,1.3156,0.02861
NACA24012,12.1,1.3164,0.02927
NACA24012,12.2,1.3155,0.03005
NACA24012,12.3,1.3164,0.03078
NACA24012,12.4,1.3152,0.03165
NACA24012,12.6,1.3142,0.03346
NACA24012,12.7,1.312,0.03452
NACA24012,12.8,1.311,0.03557
NACA24012,12.9,1.3099,0.03666
NACA24012,13.0,1.3077,0.03787
NACA24012,13.1,1.3047,0.03919
NACA24012,13.2,1.3036,0.04042
NACA24012,13.3,1.3017,0.04174
NACA24012,13.4,1.2991,0.04315
NACA24012,13.5,1.2957,0.04465
NACA24012,13.6,1.2936,0.04611
NACA24012,13.7,1.2914,0.0476
NACA24012,13.8,1.2888,0.04914
NACA24012,13.9,1.2859,0.05072
NACA24012,14.0,1.2827,0.0523
NACA24012,14.1,1.2797,0.05389
NACA24012,14.2,1.2769,0.05556
NACA24012,14.3,1.274,0.05723
NACA24012,14.4,1.2711,0.05888
NACA24012,14.5,1.2684,0.06049
NACA24012,14.6,1.2658,0.06205
NACA24012,14.7,1.2639,0.06341
NACA24012,14.8,1.2607,0.06514
NACA24012,14.9,1.2574,0.06693
NACA24012,15.0,1.2544,0.06867
NACA24014,0.0,0.1564,0.01178
NACA24014,0.1,0.1708,0.01195
NACA24014,0.2,0.1909,0.01214
NACA24014,0.3,0.2061,0.01226
NACA24014,0.4,0.2232,0.01236
NACA24014,0.5,0.2415,0.01246
NACA24014,0.6,0.258,0.01256
NACA24014,0.7,0.2723,0.01266
NACA24014,0.8,0.2907,0.01275
NACA24014,0.9,0.3077,0.01284
NACA24014,1.0,0.3217,0.01294
NACA24014,1.1,0.3402,0.01301
NACA24014,1.2,0.3572,0.01311
NACA24014,1.3,0.3719,0.01319
NACA24014,1.4,0.3902,0.01327
NACA24014,1.5,0.4075,0.01334
NACA24014,1.6,0.4229,0.01343
NACA24014,1.7,0.4412,0.01348
NACA24014,1.8,0.4582,0.01358
NACA24014,1.9,0.475,0.01363
NACA24014,2.0,0.4927,0.0137
NACA24014,2.1,0.5099,0.01375
NACA24014,2.2,0.5276,0.0138
NACA24014,2.3,0.545,0.01388
NACA24014,2.4,0.5629,0.01391
NACA24014,2.5,0.5785,0.01396
NACA24014,2.6,0.5875,0.01404
NACA24014,2.7,0.5965,0.01406
NACA24014,2.8,0.6055,0.0141
NACA24014,2.9,0.6146,0.01416
NACA24014,3.0,0.6237,0.01426
NACA24014,3.1,0.6327,0.01429
NACA24014,3.2,0.6418,0.01434
NACA24014,3.3,0.6509,0.0144
NACA24014,3.4,0.66,0.0145
NACA24014,3.5,0.669,0.01456
NACA24014,3.6,0.678,0.01462
NACA24014,3.7,0.6869,0.0147
NACA24014,3.8,0.6958,0.01479
NACA24014,3.9,0.7049,0.01491
NACA24014,4.0,0.7137,0.01497
NACA24014,4.1,0.7225,0.01504
NACA24014,4.2,0.7314,0.01513
NACA24014,4.3,0.7403,0.01524
NACA24014,4.4,0.7495,0.01538
NACA24014,4.5,0.7581,0.01545
NACA24014,4.6,0.7668,0.01554
NACA24014,4.7,0.7756,0.01563
NACA24014,4.8,0.7846,0.01575
NACA24014,4.9,0.7938,0.01589
NACA24014,5.0,0.8024,0.01599
NACA24014,5.1,0.8109,0.01609
NACA24014,5.2,0.8197,0.01619
NACA24014,5.3,0.8286,0.01631
NACA24014,5.4,0.8378,0.01645
NACA24014,5.5,0.8468,0.0166
NACA24014,5.6,0.8551,0.0167
NACA24014,5.7,0.8637,0.01681
NACA24014,5.8,0.8725,0.01693
NACA24014,5.9,0.8816,0.01706
NACA24014,6.0,0.891,0.01723
NACA24014,6.1,0.8994,0.01736
NACA24014,6.2,0.9077,0.01748
NACA24014,6.3,0.9163,0.0176
NACA24014,6.4,0.9252,0.01773
NACA24014,6.5,0.9345,0.01788
NACA24014,6.6,0.9442,0.01807
NACA24014,6.7,0.952,0.01819
NACA24014,6.8,0.9602,0.01832
NACA24014,6.9,0.9689,0.01846
NACA24014,7.0,0.978,0.01859
NACA24014,7.1,0.9874,0.01875
NACA24014,7.2,0.997,0.01895
NACA24014,7.3,1.0044,0.01908
NACA24014,7.4,1.0126,0.01922
NACA24014,7.5,1.0214,0.01936
NACA24014,7.6,1.0306,0.0195
NACA24014,7.7,1.0403,0.01966
NACA24014,7.8,1.049,0.01985
NACA24014,7.9,1.0563,0.02
NACA24014,8.0,1.0645,0.02015
NACA24014,8.1,1.0733,0.02029
NACA24014,8.2,1.0827,0.02043
NACA24014,8.3,1.0928,0.02062
NACA24014,8.4,1.0999,0.02079
NACA24014,8.5,1.1074,0.02095
NACA24014,8.6,1.1158,0.0211
NACA24014,8.7,1.1249,0.02123
NACA24014,8.8,1.1347,0.02139
NACA24014,8.9,1.1432,0.02159
NACA24014,9.0,1.15,0.02176
NACA24014,9.1,1.1579,0.02192
NACA24014,9.2,1.1667,0.02205
NACA24014,9.3,1.1762,0.02219
NACA24014,9.4,1.1853,0.0224
NACA24014,9.5,1.1914,0.02258
NACA24014,9.6,1.1989,0.02274
NACA24014,9.7,1.2074,0.02288
NACA24014,9.8,1.2167,0.02301
NACA24014,9.9,1.2251,0.02322
NACA24014,10.0,1.2308,0.02342
NACA24014,10.1,1.238,0.02358
NACA24014,10.2,1.2462,0.02371
NACA24014,10.3,1.2554,0.02386
NACA24014,10.4,1.2617,0.02409
NACA24014,10.5,1.2674,0.02429
NACA24014,10.6,1.2744,0.02445
NACA24014,10.7,1.2824,0.02459
NACA24014,10.8,1.2907,0.02478
NACA24014,10.9,1.2947,0.02503
NACA24014,11.0,1.3004,0.02523
NACA24014,11.1,1.3071,0.02539
NACA24014,11.2,1.3148,0.02556
NACA24014,11.3,1.3188,0.02584
NACA24014,11.4,1.3231,0.02608
NACA24014,11.5,1.3283,0.02628
NACA24014,11.6,1.3342,0.02647
NACA24014,11.7,1.3379,0.02674
NACA24014,11.8,1.3396,0.02704
NACA24014,11.9,1.3427,0.0273
NACA24014,12.0,1.3466,0.02753
NACA24014,12.1,1.3511,0.02783
NACA24014,12.2,1.3519,0.02823
NACA24014,12.3,1.3543,0.02858
NACA24014,12.4,1.3575,0.02891
NACA24014,12.5,1.3619,0.02925
NACA24014,12.6,1.3621,0.02977
NACA24014,12.7,1.3638,0.03023
NACA24014,12.8,1.3661,0.03067
NACA24014,12.9,1.3693,0.03111
NACA24014,13.0,1.3692,0.03177
NACA24014,13.1,1.3703,0.03236
NACA24014,13.2,1.3718,0.03294
NACA24014,13.3,1.3737,0.03354
NACA24014,13.4,1.3733,0.03435
NACA24014,13.5,1.3736,0.03511
NACA24014,13.6,1.3742,0.03586
NACA24014,13.7,1.3747,0.03666
NACA24014,13.8,1.3736,0.03765
NACA24014,13.9,1.373,0.03861
NACA24014,14.0,1.3726,0.03955
NACA24014,14.1,1.3719,0.04056
NACA24014,14.2,1.37,0.04177
NACA24014,14.3,1.3684,0.04294
NACA24014,14.4,1.367,0.04409
NACA24014,14.5,1.3655,0.04528
NACA24014,14.6,1.3623,0.04675
NACA24014,14.7,1.3597,0.04816
NACA24014,14.8,1.3572,0.04953
NACA24014,14.9,1.3554,0.0508
NACA24014,15.0,1.3512,0.05248
NACA24016,0.0,0.1345,0.01248
NACA24016,0.1,0.1456,0.01258
NACA24016,0.2,0.159,0.01272
NACA24016,0.3,0.1685,0.0128
NACA24016,0.4,0.1834,0.01293
NACA24016,0.5,0.197,0.01306
NACA24016,0.6,0.2074,0.01313
NACA24016,0.7,0.2231,0.01329
NACA24016,0.8,0.238,0.0134
NACA24016,0.9,0.2484,0.0135
NACA24016,1.0,0.2656,0.01362
NACA24016,1.1,0.2818,0.01377
NACA24016,1.2,0.2951,0.01386
NACA24016,1.3,0.31,0.01399
NACA24016,1.4,0.3281,0.01411
NACA24016,1.5,0.3455,0.01424
NACA24016,1.6,0.3572,0.01433
NACA24016,1.7,0.3765,0.01444
NACA24016,1.8,0.3948,0.01458
NACA24016,1.9,0.412,0.01466
NACA24016,2.0,0.4247,0.01476
NACA24016,2.1,0.4434,0.01488
NACA24016,2.2,0.4613,0.01497
NACA24016,2.3,0.4774,0.01507
NACA24016,2.4,0.492,0.01518
NACA24016,2.5,0.5103,0.01525
NACA24016,2.6,0.5274,0.01534
NACA24016,2.7,0.5415,0.01547
NACA24016,2.8,0.5598,0.01552
NACA24016,2.9,0.5773,0.0156
NACA24016,3.0,0.5933,0.0157
NACA24016,3.1,0.6099,0.01579
NACA24016,3.2,0.6276,0.01585
NACA24016,3.3,0.6442,0.01593
NACA24016,3.4,0.6608,0.01604
NACA24016,3.5,0.6785,0.0161
NACA24016,3.6,0.6954,0.01617
NACA24016,3.7,0.7127,0.01623
NACA24016,3.8,0.73,0.01632
NACA24016,3.9,0.7473,0.0164
NACA24016,4.0,0.765,0.01645
NACA24016,4.1,0.7753,0.01651
NACA24016,4.2,0.7838,0.01658
NACA24016,4.3,0.7925,0.01667
NACA24016,4.4,0.8009,0.01676
NACA24016,4.5,0.809,0.01681
NACA24016,4.6,0.8173,0.01688
NACA24016,4.7,0.8257,0.01696
NACA24016,4.8,0.8343,0.01705
NACA24016,4.9,0.8431,0.01716
NACA24016,5.0,0.8512,0.01726
NACA24016,5.1,0.8589,0.01734
NACA24016,5.2,0.8669,0.01743
NACA24016,5.3,0.8751,0.01752
NACA24016,5.4,0.8835,0.01763
NACA24016,5.5,0.8921,0.01775
NACA24016,5.6,0.9005,0.01789
NACA24016,5.7,0.9078,0.01799
NACA24016,5.8,0.9154,0.01809
NACA24016,5.9,0.9234,0.0182
NACA24016,6.0,0.9316,0.01831
NACA24016,6.1,0.9402,0.01843
NACA24016,6.2,0.9492,0.0186
NACA24016,6.3,0.9563,0.01872
NACA24016,6.4,0.9634,0.01884
NACA24016,6.5,0.971,0.01896
NACA24016,6.6,0.9789,0.01908
NACA24016,6.7,0.9872,0.01921
NACA24016,6.8,0.996,0.01935
NACA24016,6.9,1.005,0.01954
NACA24016,7.0,1.0111,0.01967
NACA24016,7.1,1.018,0.0198
NACA24016,7.2,1.0255,0.01993
NACA24016,7.3,1.0335,0.02006
NACA24016,7.4,1.0419,0.0202
NACA24016,7.5,1.0511,0.02036
NACA24016,7.6,1.0594,0.02055
NACA24016,7.7,1.0652,0.0207
NACA24016,7.8,1.0718,0.02085
NACA24016,7.9,1.0792,0.02099
NACA24016,8.0,1.0872,0.02113
NACA24016,8.1,1.0959,0.02127
NACA24016,8.2,1.1055,0.02144
NACA24016,8.3,1.113,0.02164
NACA24016,8.4,1.1184,0.02181
NACA24016,8.5,1.1249,0.02197
NACA24016,8.6,1.1322,0.02212
NACA24016,8.7,1.1403,0.02226
NACA24016,8.8,1.1493,0.02241
NACA24016,8.9,1.1595,0.0226
NACA24016,9.0,1.1654,0.0228
NACA24016,9.1,1.1705,0.02299
NACA24016,9.2,1.1767,0.02317
NACA24016,9.3,1.184,0.02332
NACA24016,9.4,1.1923,0.02346
NACA24016,9.5,1.2016,0.02361
NACA24016,9.6,1.2126,0.02383
NACA24016,9.7,1.2157,0.02404
NACA24016,9.8,1.2206,0.02424
NACA24016,9.9,1.2269,0.02442
NACA24016,10.0,1.2344,0.02458
NACA24016,10.1,1.2432,0.02472
NACA24016,10.2,1.2533,0.02488
NACA24016,10.3,1.2603,0.02513
NACA24016,10.4,1.2635,0.02537
NACA24016,10.5,1.2686,0.02558
NACA24016,10.6,1.2752,0.02576
NACA24016,10.7,1.2832,0.02591
NACA24016,10.8,1.2926,0.02605
NACA24016,10.9,1.3025,0.02627
NACA24016,11.0,1.3038,0.02656
NACA24016,11.1,1.3073,0.02681
NACA24016,11.2,1.3126,0.02702
NACA24016,11.3,1.3194,0.02718
NACA24016,11.4,1.3279,0.02733
NACA24016,11.5,1.3391,0.02751
NACA24016,11.6,1.3388,0.02784
NACA24016,11.7,1.3399,0.02814
NACA24016,11.8,1.3425,0.02838
NACA24016,11.9,1.347,0.02857
NACA24016,12.0,1.3536,0.02873
NACA24016,12.1,1.3631,0.02889
NACA24016,12.2,1.3641,0.02924
NACA24016,12.3,1.3625,0.02964
NACA24016,12.4,1.3637,0.02998
NACA24016,12.5,1.367,0.03027
NACA24016,12.6,1.3725,0.03049
NACA24016,12.7,1.3804,0.03067
NACA24016,12.8,1.3839,0.03104
NACA24016,12.9,1.3812,0.03159
NACA24016,13.0,1.3813,0.03207
NACA24016,13.1,1.3836,0.03247
NACA24016,13.2,1.3881,0.03277
NACA24016,13.3,1.3949,0.03301
NACA24016,13.4,1.3983,0.03345
NACA24016,13.5,1.3948,0.03419
NACA24016,13.6,1.3938,0.03485
NACA24016,13.7,1.3952,0.03538
NACA24016,13.8,1.3988,0.0358
NACA24016,13.9,1.4049,0.0361
NACA24016,14.0,1.4068,0.0367
NACA24016,14.1,1.4024,0.03769
NACA24016,14.2,1.4006,0.03855
NACA24016,14.3,1.4011,0.03925
NACA24016,14.4,1.404,0.0398
NACA24016,14.5,1.4096,0.04017
NACA24016,14.6,1.4086,0.04108
NACA24016,14.7,1.4035,0.04233
NACA24016,14.8,1.4009,0.04342
NACA24016,14.9,1.4006,0.04433
NACA24016,15.0,1.4028,0.04501
NACA24018,0.1,0.1383,0.01324
NACA24018,0.2,0.1492,0.01334
NACA24018,0.3,0.1591,0.01339
NACA24018,0.4,0.1713,0.01351
NACA24018,0.5,0.1816,0.01358
NACA24018,0.6,0.1928,0.01368
NACA24018,0.7,0.2052,0.0138
NACA24018,0.8,0.214,0.01386
NACA24018,0.9,0.2275,0.01401
NACA24018,1.0,0.2402,0.01412
NACA24018,1.1,0.2491,0.01419
NACA24018,1.2,0.2636,0.01435
NACA24018,1.3,0.2769,0.01447
NACA24018,1.4,0.286,0.01455
NACA24018,1.5,0.3014,0.01471
NACA24018,1.6,0.3159,0.01484
NACA24018,1.7,0.3261,0.01495
NACA24018,1.8,0.3412,0.01509
NACA24018,1.9,0.3572,0.01523
NACA24018,2.0,0.3717,0.01537
NACA24018,2.1,0.3828,0.01548
NACA24018,2.2,0.4002,0.01561
NACA24018,2.3,0.4171,0.01576
NACA24018,2.5,0.4446,0.016
NACA24018,2.6,0.4634,0.01614
NACA24018,2.7,0.4819,0.01628
NACA24018,2.8,0.499,0.01643
NACA24018,2.9,0.5104,0.01651
NACA24018,3.0,0.5296,0.01664
NACA24018,3.1,0.5479,0.01677
NACA24018,3.2,0.5651,0.01692
NACA24018,3.3,0.5765,0.017
NACA24018,3.4,0.5953,0.01711
NACA24018,3.5,0.6134,0.01723
NACA24018,3.6,0.6305,0.01738
NACA24018,3.7,0.6427,0.01747
NACA24018,3.8,0.6612,0.01756
NACA24018,3.9,0.6789,0.01766
NACA24018,4.0,0.6954,0.01779
NACA24018,4.1,0.7095,0.01792
NACA24018,4.2,0.7274,0.018
NACA24018,4.3,0.7446,0.01809
NACA24018,4.4,0.7603,0.01819
NACA24018,4.5,0.7767,0.01831
NACA24018,4.6,0.7942,0.01843
NACA24018,4.7,0.8105,0.01851
NACA24018,4.8,0.8264,0.01861
NACA24018,4.9,0.8439,0.01869
NACA24018,5.0,0.8609,0.0188
NACA24018,5.1,0.8774,0.01895
NACA24018,5.2,0.8945,0.01901
NACA24018,5.3,0.9114,0.0191
NACA24018,5.4,0.9285,0.01919
NACA24018,5.5,0.9451,0.01928
NACA24018,5.6,0.9535,0.01939
NACA24018,5.7,0.9612,0.01951
NACA24018,5.8,0.9676,0.01959
NACA24018,5.9,0.9746,0.01968
NACA24018,6.0,0.9818,0.01977
NACA24018,6.1,0.9893,0.01986
NACA24018,6.2,0.9971,0.01996
NACA24018,6.3,1.0053,0.02007
NACA24018,6.4,1.0142,0.02024
NACA24018,6.5,1.0194,0.02034
NACA24018,6.6,1.0254,0.02045
NACA24018,6.7,1.0319,0.02057
NACA24018,6.8,1.0388,0.02068
NACA24018,6.9,1.0461,0.0208
NACA24018,7.0,1.0539,0.02092
NACA24018,7.1,1.0624,0.02106
NACA24018,7.2,1.0702,0.02124
NACA24018,7.3,1.0747,0.02137
NACA24018,7.4,1.0801,0.02151
NACA24018,7.5,1.0861,0.02164
NACA24018,7.6,1.0927,0.02177
NACA24018,7.7,1.0999,0.0219
NACA24018,7.8,1.1077,0.02203
NACA24018,7.9,1.1165,0.02219
NACA24018,8.0,1.1242,0.02238
NACA24018,8.1,1.1276,0.02254
NACA24018,8.2,1.1321,0.0227
NACA24018,8.3,1.1375,0.02285
NACA24018,8.4,1.1437,0.02299
NACA24018,8.5,1.1507,0.02313
NACA24018,8.6,1.1585,0.02327
NACA24018,8.7,1.1676,0.02343
NACA24018,8.8,1.1764,0.02364
NACA24018,8.9,1.1785,0.02382
NACA24018,9.0,1.1819,0.02401
NACA24018,9.1,1.1866,0.02418
NACA24018,9.2,1.1922,0.02434
NACA24018,9.3,1.1989,0.02448
NACA24018,9.4,1.2068,0.02462
NACA24018,9.5,1.2161,0.02478
NACA24018,9.6,1.2273,0.025
NACA24018,9.7,1.2277,0.02521
NACA24018,9.8,1.2299,0.02543
NACA24018,9.9,1.2336,0.02562
NACA24018,10.0,1.2385,0.0258
NACA24018,10.1,1.2448,0.02596
NACA24018,10.2,1.2525,0.02611
NACA24018,10.3,1.2619,0.02626
NACA24018,10.4,1.2741,0.02646
NACA24018,10.5,1.2747,0.02672
NACA24018,10.6,1.2753,0.02697
NACA24018,10.7,1.2777,0.02721
NACA24018,10.8,1.2817,0.02742
NACA24018,10.9,1.2874,0.0276
NACA24018,11.0,1.2949,0.02775
NACA24018,11.1,1.3045,0.0279
NACA24018,11.2,1.3173,0.02808
NACA24018,11.3,1.3183,0.02839
NACA24018,11.4,1.317,0.0287
NACA24018,11.5,1.3171,0.02899
NACA24018,11.6,1.3187,0.02923
NACA24018,11.7,1.3224,0.02945
NACA24018,11.8,1.3286,0.02963
NACA24018,11.9,1.3375,0.02978
NACA24018,12.0,1.351,0.02992
NACA24018,12.1,1.353,0.03025
NACA24018,12.2,1.3485,0.03067
NACA24018,12.3,1.3467,0.03108
NACA24018,12.4,1.3475,0.03144
NACA24018,12.5,1.3505,0.03175
NACA24018,12.6,1.356,0.03199
NACA24018,12.7,1.3644,0.03215
NACA24018,12.8,1.377,0.03225
NACA24018,12.9,1.3811,0.03263
NACA24018,13.0,1.3753,0.03326
NACA24018,13.1,1.3722,0.03385
NACA24018,13.2,1.3715,0.03437
NACA24018,13.3,1.3736,0.0348
NACA24018,13.4,1.3785,0.0351
NACA24018,13.5,1.3866,0.03528
NACA24018,13.6,1.3994,0.03532
NACA24018,13.7,1.4014,0.03584
NACA24018,13.8,1.3939,0.03675
NACA24018,13.9,1.3891,0.0376
NACA24018,14.0,1.3869,0.03834
NACA24018,14.1,1.388,0.03891
NACA24018,14.2,1.3925,0.0393
NACA24018,14.3,1.4008,0.03947
NACA24018,14.4,1.4147,0.0394
NACA24018,14.5,1.4114,0.0403
NACA24018,14.6,1.402,0.04159
NACA24018,14.7,1.3952,0.04278
NACA24018,14.8,1.3916,0.0438
NACA24018,14.9,1.392,0.04455
NACA24018,15.0,1.3965,0.045
NACA24020,0.0,0.1231,0.01398
NACA24020,0.1,0.1332,0.01405
NACA24020,0.2,0.1436,0.01409
NACA24020,0.3,0.1549,0.01417
NACA24020,0.4,0.1645,0.01424
NACA24020,0.5,0.1757,0.0143
NACA24020,0.6,0.1869,0.01439
NACA24020,0.7,0.1958,0.01444
NACA24020,0.8,0.208,0.01454
NACA24020,0.9,0.2191,0.01464
NACA24020,1.0,0.2284,0.0147
NACA24020,1.1,0.2407,0.01481
NACA24020,1.2,0.2517,0.01492
NACA24020,1.3,0.2615,0.01501
NACA24020,1.4,0.2739,0.01512
NACA24020,1.5,0.2849,0.01522
NACA24020,1.6,0.2951,0.01532
NACA24020,1.7,0.3079,0.01545
NACA24020,1.8,0.3191,0.01556
NACA24020,1.9,0.3293,0.01565
NACA24020,2.0,0.3434,0.01583
NACA24020,2.1,0.3551,0.01594
NACA24020,2.2,0.3647,0.01602
NACA24020,2.3,0.3794,0.01618
NACA24020,2.4,0.3933,0.01636
NACA24020,2.5,0.4015,0.01642
NACA24020,2.6,0.417,0.01658
NACA24020,2.7,0.4322,0.01674
NACA24020,2.8,0.4456,0.0169
NACA24020,2.9,0.4566,0.01701
NACA24020,3.0,0.4729,0.01717
NACA24020,3.1,0.4887,0.01732
NACA24020,3.2,0.5015,0.01746
NACA24020,3.3,0.5153,0.01762
NACA24020,3.4,0.5324,0.01777
NACA24020,3.5,0.5493,0.01792
NACA24020,3.6,0.5645,0.01806
NACA24020,3.7,0.5767,0.01819
NACA24020,3.8,0.5961,0.01838
NACA24020,3.9,0.6143,0.01852
NACA24020,4.0,0.6317,0.01866
NACA24020,4.1,0.6463,0.01878
NACA24020,4.2,0.6607,0.01892
NACA24020,4.3,0.6796,0.0191
NACA24020,4.4,0.6968,0.01923
NACA24020,4.5,0.7126,0.01936
NACA24020,4.6,0.7247,0.01947
NACA24020,4.7,0.7434,0.01961
NACA24020,4.8,0.7617,0.01978
NACA24020,4.9,0.7775,0.01991
NACA24020,5.0,0.7892,0.02003
NACA24020,5.1,0.8073,0.02015
NACA24020,5.2,0.8249,0.02027
NACA24020,5.3,0.8415,0.0204
NACA24020,5.4,0.8553,0.02057
NACA24020,5.5,0.8726,0.0207
NACA24020,5.6,0.8891,0.02082
NACA24020,5.7,0.9046,0.02094
NACA24020,5.8,0.9199,0.02105
NACA24020,5.9,0.9377,0.02117
NACA24020,6.0,0.9552,0.02133
NACA24020,6.1,0.9698,0.02148
NACA24020,6.2,0.9859,0.02161
NACA24020,6.3,1.0023,0.02172
NACA24020,6.4,1.0184,0.02184
NACA24020,6.5,1.0356,0.02195
NACA24020,6.6,1.0531,0.02208
NACA24020,6.7,1.0697,0.02226
NACA24020,6.8,1.0854,0.02239
NACA24020,6.9,1.0965,0.02251
NACA24020,7.0,1.1022,0.02262
NACA24020,7.1,1.1084,0.02272
NACA24020,7.2,1.115,0.02282
NACA24020,7.3,1.1223,0.02292
NACA24020,7.4,1.1305,0.02305
NACA24020,7.5,1.1381,0.02321
NACA24020,7.6,1.1408,0.02336
NACA24020,7.7,1.1444,0.0235
NACA24020,7.8,1.1486,0.02364
NACA24020,7.9,1.1534,0.02377
NACA24020,8.0,1.1588,0.02389
NACA24020,8.1,1.1649,0.02401
NACA24020,8.2,1.1719,0.02413
NACA24020,8.3,1.18,0.02426
NACA24020,8.4,1.1899,0.02446
NACA24020,8.5,1.1902,0.02463
NACA24020,8.6,1.1917,0.0248
NACA24020,8.7,1.1943,0.02497
NACA24020,8.8,1.1976,0.02513
NACA24020,8.9,1.2017,0.02528
NACA24020,9.0,1.2069,0.02542
NACA24020,9.1,1.2131,0.02554
NACA24020,9.2,1.2207,0.02567
NACA24020,9.3,1.2305,0.02583
NACA24020,9.4,1.2364,0.02605
NACA24020,9.5,1.2349,0.02625
NACA24020,9.6,1.2348,0.02646
NACA24020,9.7,1.2361,0.02665
NACA24020,9.8,1.2384,0.02683
NACA24020,9.9,1.2418,0.02699
NACA24020,10.0,1.2466,0.02714
NACA24020,10.1,1.2532,0.02727
NACA24020,10.2,1.2618,0.02741
NACA24020,10.3,1.2737,0.02758
NACA24020,10.4,1.2772,0.02783
NACA24020,10.5,1.2735,0.02807
NACA24020,10.6,1.2716,0.02832
NACA24020,10.7,1.2714,0.02855
NACA24020,10.8,1.2724,0.02877
NACA24020,10.9,1.2741,0.02896
NACA24020,11.0,1.2773,0.02912
NACA24020,11.1,1.2833,0.02927
NACA24020,11.2,1.2928,0.0294
NACA24020,11.3,1.3081,0.02957
NACA24020,11.4,1.3118,0.02984
NACA24020,11.5,1.3039,0.03014
NACA24020,11.6,1.2989,0.03047
NACA24020,11.7,1.2966,0.03081
NACA24020,11.8,1.2967,0.03112
NACA24020,11.9,1.2989,0.03141
NACA24020,12.0,1.303,0.03166
NACA24020,12.1,1.3101,0.03185
NACA24020,12.2,1.3205,0.03198
NACA24020,12.3,1.3357,0.03208
NACA24020,12.4,1.3414,0.03242
NACA24020,12.5,1.3336,0.03299
NACA24020,12.6,1.3285,0.03355
NACA24020,12.7,1.3261,0.03408
NACA24020,12.8,1.326,0.03455
NACA24020,12.9,1.328,0.03495
NACA24020,13.0,1.3325,0.03527
NACA24020,13.1,1.3406,0.03547
NACA24020,13.2,1.3526,0.03554
NACA24020,13.3,1.3706,0.03551
NACA24020,13.4,1.3665,0.03619
NACA24020,13.5,1.3568,0.03711
NACA24020,13.6,1.3499,0.03798
NACA24020,13.7,1.3458,0.03877
NACA24020,13.8,1.3446,0.03945
NACA24020,13.9,1.3461,0.03999
NACA24020,14.0,1.3509,0.04036
NACA24020,14.1,1.3606,0.04049
NACA24020,14.2,1.3757,0.04037
NACA24020,14.3,1.392,0.0403
NACA24020,14.4,1.3768,0.04174
NACA24020,14.5,1.3636,0.04319
NACA24020,14.6,1.3536,0.04456
NACA24020,14.7,1.3469,0.04576
NACA24020,14.8,1.3441,0.04674
NACA24020,14.9,1.3453,0.04743
NACA24020,15.0,1.3518,0.04775
NACA2406,0.0,0.1885,0.00867
NACA2406,0.1,0.205,0.00869
NACA2406,0.2,0.2215,0.0087
NACA2406,0.3,0.2396,0.0087
NACA2406,0.4,0.2589,0.0087
NACA2406,0.5,0.279,0.00869
NACA2406,0.6,0.2929,0.00868
NACA2406,0.7,0.3091,0.00866
NACA2406,0.8,0.3265,0.00863
NACA2406,0.9,0.3447,0.00859
NACA2406,1.0,0.3584,0.00857
NACA2406,1.1,0.3716,0.00855
NACA2406,1.2,0.387,0.00851
NACA2406,1.3,0.403,0.00845
NACA2406,1.4,0.4133,0.00845
NACA2406,1.5,0.426,0.00841
NACA2406,1.6,0.4398,0.00837
NACA2406,1.7,0.4502,0.00836
NACA2406,1.8,0.4614,0.00834
NACA2406,1.9,0.4738,0.00831
NACA2406,2.0,0.4835,0.00832
NACA2406,2.1,0.4944,0.00831
NACA2406,2.2,0.5053,0.00831
NACA2406,2.3,0.5153,0.00833
NACA2406,2.4,0.526,0.00834
NACA2406,2.5,0.5359,0.00837
NACA2406,2.6,0.5462,0.0084
NACA2406,2.7,0.5559,0.00843
NACA2406,2.8,0.5655,0.00848
NACA2406,2.9,0.5748,0.00853
NACA2406,3.0,0.584,0.00861
NACA2406,3.1,0.5934,0.0087
NACA2406,3.2,0.6028,0.00882
NACA2406,3.3,0.6121,0.00896
NACA2406,3.4,0.6216,0.0091
NACA2406,3.5,0.6309,0.00926
NACA2406,3.6,0.6401,0.00944
NACA2406,3.8,0.6575,0.00993
NACA2406,4.0,0.6732,0.0107
NACA2406,4.1,0.6756,0.01199
NACA2406,4.2,0.6793,0.01345
NACA2406,4.3,0.6878,0.01408
NACA2406,4.4,0.6972,0.01455
NACA2406,4.5,0.7052,0.01523
NACA2406,4.6,0.7148,0.01567
NACA2406,4.7,0.7241,0.01614
NACA2406,4.8,0.7332,0.01666
NACA2406,4.9,0.7404,0.01764
NACA2406,5.0,0.7515,0.01771
NACA2406,5.1,0.7612,0.01813
NACA2406,5.2,0.7705,0.01872
NACA2406,5.3,0.7789,0.01973
NACA2406,5.4,0.7879,0.021
NACA2406,5.5,0.7984,0.02162
NACA2406,5.6,0.8088,0.02241
NACA2406,5.7,0.8191,0.02332
NACA2406,5.8,0.8293,0.02433
NACA2406,5.9,0.8393,0.02544
NACA2406,6.0,0.8489,0.02666
NACA2406,6.1,0.8581,0.02814
NACA2406,6.2,0.8664,0.03005
NACA2406,6.3,0.8765,0.03117
NACA2406,6.4,0.8875,0.03243
NACA2406,6.5,0.8945,0.03467
NACA2406,6.6,0.9085,0.04212
NACA2406,6.7,0.9153,0.04341
NACA2406,6.8,0.922,0.04482
NACA2406,6.9,0.929,0.04663
NACA2406,7.0,0.9355,0.05011
NACA2406,7.1,0.9318,0.04938
NACA2406,7.2,0.9364,0.0507
NACA2406,7.3,0.941,0.05207
NACA2406,7.4,0.9461,0.05349
NACA2406,7.5,0.9513,0.05509
NACA2406,7.7,0.9551,0.06398
NACA2406,7.8,0.9534,0.06326
NACA2406,7.9,0.9467,0.06261
NACA2406,8.0,0.9459,0.06418
NACA2406,8.1,0.9459,0.06563
NACA2406,8.2,0.9615,0.07086
NACA2406,8.3,0.9581,0.07173
NACA2406,8.4,0.9533,0.07229
NACA2406,8.5,0.9465,0.07312
NACA2406,8.6,0.9397,0.07452
NACA2406,8.7,0.9332,0.07615
NACA2406,8.8,0.9265,0.0778
NACA2406,8.9,0.9198,0.07955
NACA2406,9.0,0.9134,0.08142
NACA2406,9.1,0.9073,0.08344
NACA2406,9.2,0.9016,0.08558
NACA2406,9.3,0.8962,0.08788
NACA2406,9.4,0.8912,0.09031
NACA2406,9.5,0.8866,0.09288
NACA2406,9.6,0.8825,0.0956
NACA2406,9.7,0.8788,0.09848
NACA2406,9.8,0.8757,0.10157
NACA2406,9.9,0.8729,0.10471
NACA2406,10.0,0.8702,0.10778
NACA2406,10.1,0.8677,0.11075
NACA2406,10.2,0.8653,0.11364
NACA2406,10.3,0.863,0.11645
NACA2406,10.4,0.8607,0.11919
NACA2406,10.5,0.8586,0.12181
NACA2406,10.6,0.8568,0.12428
NACA2406,10.7,0.8553,0.12659
NACA2406,10.8,0.8544,0.1287
NACA2406,10.9,0.8545,0.13047
NACA2406,11.0,0.8624,0.12817
NACA2406,11.1,0.8614,0.1307
NACA2406,11.2,0.8606,0.13315
NACA2406,11.3,0.8599,0.13554
NACA2406,11.4,0.8593,0.13788
NACA2406,11.5,0.8581,0.14031
NACA2406,11.6,0.857,0.1427
NACA2406,11.7,0.856,0.14509
NACA2406,11.8,0.8548,0.14749
NACA2406,11.9,0.8539,0.14979
NACA2406,12.0,0.8536,0.15193
NACA2406,12.1,0.8537,0.15395
NACA2406,12.2,0.8541,0.15589
NACA2406,12.3,0.8548,0.15776
NACA2406,12.4,0.8556,0.15956
NACA2406,12.5,0.8567,0.16131
NACA2406,12.6,0.8581,0.16299
NACA2406,12.7,0.8597,0.1646
NACA2406,12.8,0.8617,0.16612
NACA2406,12.9,0.8642,0.16752
NACA2406,13.0,0.8675,0.16879
NACA2406,13.1,0.8707,0.17034
NACA2406,13.2,0.8696,0.17356
NACA2406,13.3,0.8708,0.17553
NACA2406,13.4,0.872,0.17747
NACA2406,13.5,0.8734,0.17939
NACA2406,13.6,0.8744,0.18132
NACA2406,13.7,0.8755,0.18322
NACA2406,13.8,0.8765,0.18508
NACA2406,13.9,0.8776,0.1869
NACA2406,14.0,0.8784,0.18869
NACA2406,14.1,0.8788,0.19041
NACA2406,14.2,0.8792,0.19206
NACA2406,14.3,0.8804,0.19379
NACA2406,14.4,0.882,0.19554
NACA2406,14.5,0.8839,0.19729
NACA2406,14.6,0.8859,0.19902
NACA2406,14.7,0.888,0.20073
NACA2406,14.8,0.8901,0.20242
NACA2406,14.9,0.8924,0.2041
NACA2406,15.0,0.8946,0.20575
NACA2408,0.0,0.2543,0.00906
NACA2408,0.1,0.2701,0.00901
NACA2408,0.2,0.2866,0.00895
NACA2408,0.3,0.2996,0.00892
NACA2408,0.4,0.3103,0.0089
NACA2408,0.5,0.3237,0.00885
NACA2408,0.6,0.3377,0.00879
NACA2408,0.7,0.349,0.00877
NACA2408,0.8,0.3593,0.00875
NACA2408,0.9,0.3713,0.00871
NACA2408,1.0,0.3841,0.00867
NACA2408,1.1,0.3933,0.00868
NACA2408,1.2,0.404,0.00867
NACA2408,1.3,0.4157,0.00864
NACA2408,1.4,0.4258,0.00865
NACA2408,1.5,0.436,0.00866
NACA2408,1.6,0.4471,0.00865
NACA2408,1.7,0.4575,0.00867
NACA2408,1.8,0.4677,0.0087
NACA2408,2.0,0.4889,0.00875
NACA2408,2.1,0.4992,0.00878
NACA2408,2.2,0.5098,0.00882
NACA2408,2.3,0.5202,0.00887
NACA2408,2.4,0.5305,0.00892
NACA2408,2.5,0.541,0.00898
NACA2408,2.6,0.5513,0.00903
NACA2408,2.7,0.5617,0.00909
NACA2408,2.8,0.5721,0.00918
NACA2408,2.9,0.5824,0.00923
NACA2408,3.0,0.5926,0.00931
NACA2408,3.1,0.6029,0.00939
NACA2408,3.2,0.613,0.00946
NACA2408,3.3,0.623,0.00957
NACA2408,3.4,0.6332,0.00963
NACA2408,3.5,0.6431,0.00974
NACA2408,3.6,0.6532,0.00982
NACA2408,3.7,0.6631,0.00993
NACA2408,3.8,0.6732,0.01003
NACA2408,3.9,0.6831,0.01014
NACA2408,4.0,0.6931,0.01025
NACA2408,4.1,0.7029,0.01037
NACA2408,4.2,0.7129,0.01049
NACA2408,4.3,0.7225,0.01063
NACA2408,4.4,0.7324,0.01075
NACA2408,4.5,0.7418,0.01093
NACA2408,4.6,0.7513,0.01108
NACA2408,4.7,0.7608,0.01125
NACA2408,4.8,0.77,0.01144
NACA2408,4.9,0.7788,0.01168
NACA2408,5.0,0.7867,0.01201
NACA2408,5.1,0.7936,0.01247
NACA2408,5.2,0.7992,0.01316
NACA2408,5.3,0.8043,0.014
NACA2408,5.4,0.8106,0.01475
NACA2408,5.5,0.8177,0.01539
NACA2408,5.6,0.8261,0.01586
NACA2408,5.7,0.8335,0.01644
NACA2408,5.8,0.8426,0.0168
NACA2408,5.9,0.8493,0.01746
NACA2408,6.0,0.8589,0.01774
NACA2408,6.1,0.8679,0.01809
NACA2408,6.2,0.8758,0.01861
NACA2408,6.3,0.8819,0.01949
NACA2408,6.4,0.8913,0.01986
NACA2408,6.5,0.9003,0.02032
NACA2408,6.6,0.9092,0.02083
NACA2408,6.7,0.918,0.02136
NACA2408,6.8,0.9267,0.02194
NACA2408,6.9,0.9352,0.02269
NACA2408,7.0,0.9436,0.02381
NACA2408,7.1,0.9525,0.02525
NACA2408,7.2,0.9622,0.02563
NACA2408,7.3,0.9717,0.02598
NACA2408,7.4,0.9809,0.02636
NACA2408,7.5,0.9898,0.02674
NACA2408,7.6,0.9985,0.02726
NACA2408,7.7,1.0071,0.02799
NACA2408,7.8,1.0154,0.02878
NACA2408,7.9,1.0233,0.02978
NACA2408,8.0,1.0304,0.03128
NACA2408,8.1,1.0356,0.03349
NACA2408,8.2,1.0413,0.03471
NACA2408,8.3,1.0475,0.03558
NACA2408,8.4,1.053,0.03667
NACA2408,8.5,1.0577,0.03793
NACA2408,8.6,1.0615,0.03931
NACA2408,8.7,1.0646,0.04078
NACA2408,8.8,1.0668,0.04234
NACA2408,8.9,1.0683,0.04396
NACA2408,9.0,1.0689,0.04563
NACA2408,9.1,1.0686,0.04735
NACA2408,9.2,1.0676,0.04913
NACA2408,9.3,1.0658,0.051
NACA2408,9.4,1.0631,0.05307
NACA2408,9.5,1.065,0.05546
NACA2408,9.6,1.0674,0.05603
NACA2408,9.7,1.0681,0.05655
NACA2408,9.8,1.0291,0.06157
NACA2408,9.9,1.0194,0.06352
NACA2408,10.0,1.0099,0.06543
NACA2408,10.1,1.0009,0.06737
NACA2408,10.2,0.992,0.06939
NACA2408,10.3,0.9833,0.07151
NACA2408,10.4,0.9746,0.07374
NACA2408,10.5,0.9661,0.07614
NACA2408,10.6,0.9576,0.0787
NACA2408,10.7,0.9492,0.08141
NACA2408,10.8,0.9411,0.08428
NACA2408,10.9,0.9336,0.08725
NACA2408,11.0,0.9261,0.09038
NACA2408,11.1,0.4254,0.00322
NACA2408,11.2,0.4253,0.00366
NACA2408,11.3,0.4226,0.00414
NACA2408,11.4,0.419,0.00464
NACA2408,11.5,0.4151,0.00516
NACA2408,11.6,0.4111,0.00571
NACA2408,11.7,0.407,0.00629
NACA2408,11.8,0.403,0.00689
NACA2408,11.9,0.3989,0.00753
NACA2408,12.0,0.395,0.0082
NACA2408,12.1,0.391,0.00892
NACA2408,12.2,0.3869,0.00966
NACA2408,12.3,0.3819,0.01045
NACA2408,12.5,0.3296,0.01996
NACA2408,12.6,0.3287,0.0219
NACA2408,12.7,0.3295,0.02353
NACA2408,12.8,0.3321,0.02492
NACA2408,13.0,0.8565,0.15518
NACA2408,13.1,0.8594,0.15648
NACA2408,13.2,0.8625,0.15778
NACA2408,13.3,0.866,0.15921
NACA2408,13.4,0.8636,0.16274
NACA2408,13.5,0.8635,0.165
NACA2408,13.6,0.8636,0.16718
NACA2408,13.7,0.8637,0.16934
NACA2408,13.8,0.8629,0.17161
NACA2408,13.9,0.8616,0.17388
NACA2408,14.0,0.8593,0.17626
NACA2408,14.1,0.8565,0.17873
NACA2408,14.2,0.856,0.18077
NACA2408,14.3,0.8566,0.18262
NACA2408,14.4,0.8577,0.18441
NACA2408,14.5,0.859,0.18615
NACA2408,14.6,0.8606,0.18784
NACA2408,14.7,0.8624,0.1895
NACA2408,14.8,0.8644,0.1911
NACA2408,14.9,0.8665,0.19268
NACA2408,15.0,0.8688,0.19423
