airfoil,Reynolds,alpha,CL,CD
NACA 0010,32000,0.0,-0.0,0.02135
NACA 0010,32000,0.1,0.0032,0.02136
NACA 0010,32000,0.2,0.0064,0.02138
NACA 0010,32000,0.3,0.0097,0.0214
NACA 0010,32000,0.4,0.0129,0.02144
NACA 0010,32000,0.5,0.0161,0.02149
NACA 0010,32000,0.6,0.0194,0.02155
NACA 0010,32000,0.7,0.0227,0.02162
NACA 0010,32000,0.8,0.0261,0.0217
NACA 0010,32000,0.9,0.0297,0.0218
NACA 0010,32000,1.0,0.0334,0.0219
NACA 0010,32000,1.1,0.0372,0.02202
NACA 0010,32000,1.2,0.0412,0.02216
NACA 0010,32000,1.3,0.0453,0.0223
NACA 0010,32000,1.4,0.0496,0.02246
NACA 0010,32000,1.5,0.0539,0.02264
NACA 0010,32000,1.6,0.0584,0.02282
NACA 0010,32000,1.7,0.0629,0.02303
NACA 0010,32000,1.8,0.0675,0.02325
NACA 0010,32000,1.9,0.0721,0.02349
NACA 0010,32000,2.0,0.0768,0.02374
NACA 0010,32000,2.1,0.0815,0.02401
NACA 0010,32000,2.2,0.0862,0.0243
NACA 0010,32000,2.3,0.0909,0.02462
NACA 0010,32000,2.4,0.0956,0.02495
NACA 0010,32000,2.5,0.1003,0.0253
NACA 0010,32000,2.6,0.105,0.02567
NACA 0010,32000,2.7,0.1096,0.02607
NACA 0010,32000,2.8,0.1142,0.02648
NACA 0010,32000,2.9,0.1188,0.02693
NACA 0010,32000,3.0,0.1233,0.02739
NACA 0010,32000,3.1,0.1277,0.02788
NACA 0010,32000,3.2,0.1321,0.0284
NACA 0010,32000,3.3,0.1849,0.02976
NACA 0010,32000,3.4,0.2449,0.03102
NACA 0010,32000,3.5,0.2846,0.03172
NACA 0010,32000,3.6,0.353,0.03223
NACA 0010,32000,3.7,0.3944,0.03236
NACA 0010,32000,3.8,0.4569,0.0316
NACA 0010,32000,3.9,0.4807,0.0313
NACA 0010,32000,4.0,0.5021,0.03089
NACA 0010,32000,4.1,0.5198,0.03048
NACA 0010,32000,4.2,0.5335,0.03016
NACA 0010,32000,4.3,0.5444,0.02998
NACA 0010,32000,4.4,0.5537,0.02989
NACA 0010,32000,4.5,0.5621,0.02995
NACA 0010,32000,4.6,0.5699,0.03008
NACA 0010,32000,4.7,0.5775,0.03036
NACA 0010,32000,4.8,0.5848,0.03075
NACA 0010,32000,4.9,0.5919,0.03122
NACA 0010,32000,5.0,0.599,0.03184
NACA 0010,32000,5.1,0.6061,0.0325
NACA 0010,32000,5.2,0.6135,0.03319
NACA 0010,32000,5.3,0.6225,0.0339
NACA 0010,32000,5.4,0.6301,0.03468
NACA 0010,32000,5.5,0.6372,0.03557
NACA 0010,32000,5.6,0.6469,0.03617
NACA 0010,32000,5.7,0.6527,0.03738
NACA 0010,32000,5.8,0.662,0.03828
NACA 0010,32000,5.9,0.669,0.03952
NACA 0010,32000,6.0,0.6754,0.04057
NACA 0010,32000,6.1,0.685,0.0413
NACA 0010,32000,6.2,0.6888,0.04266
NACA 0010,32000,6.3,0.6953,0.04382
NACA 0010,32000,6.4,0.7043,0.04492
NACA 0010,32000,6.5,0.7118,0.04643
NACA 0010,32000,6.6,0.7146,0.04818
NACA 0010,32000,6.7,0.7169,0.04998
NACA 0010,32000,6.8,0.7188,0.05176
NACA 0010,32000,6.9,0.7206,0.05349
NACA 0010,32000,7.0,0.7235,0.055
NACA 0010,32000,7.1,0.7392,0.05531
NACA 0010,32000,7.2,0.7379,0.05722
NACA 0010,32000,7.3,0.736,0.05922
NACA 0010,32000,7.4,0.7339,0.06127
NACA 0010,32000,7.5,0.7316,0.06338
NACA 0010,32000,7.6,0.7291,0.06554
NACA 0010,32000,7.7,0.7266,0.06775
NACA 0010,32000,7.8,0.7242,0.06998
NACA 0010,32000,7.9,0.7219,0.07223
NACA 0010,32000,8.0,0.72,0.07447
NACA 0010,32000,8.1,0.719,0.07671
NACA 0010,32000,8.2,0.7192,0.07895
NACA 0010,32000,8.3,0.7211,0.08118
NACA 0010,32000,8.5,0.6642,0.08941
NACA 0010,32000,8.6,0.664,0.09177
NACA 0010,32000,8.7,0.6671,0.09401
NACA 0010,32000,8.8,0.6756,0.09621
NACA 0010,32000,9.0,0.5412,0.11254
NACA 0010,32000,9.1,0.5417,0.11389
NACA 0010,32000,9.2,0.5441,0.11534
NACA 0010,32000,9.3,0.5576,0.11805
NACA 0010,32000,9.4,0.5745,0.12225
NACA 0010,32000,9.5,0.56,0.12117
NACA 0010,32000,9.6,0.5558,0.12135
NACA 0010,32000,9.7,0.5862,0.12654
NACA 0010,32000,9.8,0.6021,0.13111
NACA 0010,32000,9.9,0.5819,0.12896
NACA 0010,32000,10.0,0.5681,0.12767
NACA 0010,32000,10.1,0.5695,0.12885
NACA 0010,32000,10.2,0.5757,0.13078
NACA 0010,32000,10.3,0.5879,0.13377
NACA 0010,32000,10.4,0.6115,0.13953
NACA 0010,32000,10.5,0.6059,0.14013
NACA 0010,32000,10.6,0.5866,0.13766
NACA 0010,32000,10.7,0.5829,0.13791
NACA 0010,32000,10.8,0.5875,0.13953
NACA 0010,32000,10.9,0.5986,0.14234
NACA 0010,32000,11.0,0.6327,0.15076
NACA 0010,32000,11.1,0.6169,0.14884
NACA 0010,32000,11.2,0.6016,0.14685
NACA 0010,32000,11.3,0.5974,0.14686
NACA 0010,32000,11.4,0.6043,0.14874
NACA 0010,32000,11.5,0.635,0.15634
NACA 0010,32000,11.6,0.6216,0.15468
NACA 0010,32000,11.7,0.6111,0.15345
NACA 0010,32000,11.8,0.6113,0.1541
NACA 0010,32000,11.9,0.6581,0.1651
NACA 0010,32000,12.0,0.6436,0.16311
NACA 0010,32000,12.1,0.63,0.16112
NACA 0010,32000,12.2,0.6226,0.16035
NACA 0010,32000,12.3,0.6237,0.16131
NACA 0010,32000,12.4,0.6301,0.16335
NACA 0010,32000,12.5,0.6451,0.16746
NACA 0010,32000,12.6,0.6687,0.17508
NACA 0010,32000,12.7,0.6551,0.17284
NACA 0010,32000,12.8,0.6432,0.1708
NACA 0010,32000,12.9,0.6387,0.17046
NACA 0010,32000,13.0,0.6403,0.17152
NACA 0010,32000,13.1,0.6461,0.17348
NACA 0010,32000,13.2,0.6586,0.17725
NACA 0010,32000,13.3,0.6859,0.18648
NACA 0010,32000,13.4,0.6738,0.18418
NACA 0010,32000,13.5,0.6629,0.18198
NACA 0010,32000,13.6,0.6572,0.18108
NACA 0010,32000,13.7,0.6574,0.18174
NACA 0010,32000,13.8,0.6612,0.18326
NACA 0010,32000,13.9,0.6687,0.1858
NACA 0010,32000,14.0,0.6858,0.19163
NACA 0010,32000,14.1,0.6984,0.19734
NACA 0010,32000,14.2,0.6884,0.195
NACA 0010,32000,14.3,0.6803,0.19303
NACA 0010,32000,14.4,0.6769,0.19247
NACA 0010,32000,14.5,0.678,0.19323
NACA 0010,32000,14.6,0.6825,0.19491
NACA 0010,32000,14.7,0.6951,0.19918
NACA 0010,32000,14.8,0.7122,0.20682
NACA 0010,32000,14.9,0.7042,0.20462
NACA 0010,32000,15.0,0.6978,0.20279
NACA 0010,110000,0.0,0.0,0.01298
NACA 0010,110000,0.1,-0.0048,0.01299
NACA 0010,110000,0.2,-0.009,0.01303
NACA 0010,110000,0.3,-0.0123,0.01308
NACA 0010,110000,0.4,-0.0144,0.01316
NACA 0010,110000,0.5,0.0018,0.01324
NACA 0010,110000,0.6,0.029,0.01333
NACA 0010,110000,0.7,0.0559,0.01337
NACA 0010,110000,0.8,0.0846,0.01342
NACA 0010,110000,0.9,0.1101,0.01342
NACA 0010,110000,1.0,0.139,0.0134
NACA 0010,110000,1.1,0.1681,0.01335
NACA 0010,110000,1.2,0.1935,0.01327
NACA 0010,110000,1.3,0.2226,0.01316
NACA 0010,110000,1.4,0.242,0.01307
NACA 0010,110000,1.5,0.2671,0.01292
NACA 0010,110000,1.6,0.2821,0.01283
NACA 0010,110000,1.7,0.3001,0.0127
NACA 0010,110000,1.8,0.3129,0.0126
NACA 0010,110000,1.9,0.3247,0.01253
NACA 0010,110000,2.0,0.3367,0.01243
NACA 0010,110000,2.1,0.3454,0.0124
NACA 0010,110000,2.2,0.3551,0.01235
NACA 0010,110000,2.3,0.364,0.01232
NACA 0010,110000,2.4,0.3725,0.01232
NACA 0010,110000,2.5,0.3815,0.01231
NACA 0010,110000,2.6,0.3898,0.01234
NACA 0010,110000,2.7,0.3984,0.01237
NACA 0010,110000,2.8,0.407,0.01242
NACA 0010,110000,2.9,0.4155,0.01247
NACA 0010,110000,3.0,0.424,0.01254
NACA 0010,110000,3.1,0.4326,0.01263
NACA 0010,110000,3.2,0.4411,0.01272
NACA 0010,110000,3.3,0.4497,0.01282
NACA 0010,110000,3.4,0.4582,0.01294
NACA 0010,110000,3.5,0.4666,0.01308
NACA 0010,110000,3.6,0.4751,0.0132
NACA 0010,110000,3.7,0.4835,0.01335
NACA 0010,110000,3.8,0.4919,0.01351
NACA 0010,110000,3.9,0.5,0.01369
NACA 0010,110000,4.0,0.5081,0.01389
NACA 0010,110000,4.1,0.5161,0.0141
NACA 0010,110000,4.2,0.5241,0.01432
NACA 0010,110000,4.3,0.5319,0.01458
NACA 0010,110000,4.4,0.5396,0.01486
NACA 0010,110000,4.5,0.5473,0.01517
NACA 0010,110000,4.6,0.5549,0.01552
NACA 0010,110000,4.7,0.5623,0.01591
NACA 0010,110000,4.8,0.5697,0.01633
NACA 0010,110000,4.9,0.5772,0.01676
NACA 0010,110000,5.0,0.5848,0.01721
NACA 0010,110000,5.1,0.5921,0.01774
NACA 0010,110000,5.2,0.6007,0.0181
NACA 0010,110000,5.3,0.6086,0.01861
NACA 0010,110000,5.4,0.617,0.01898
NACA 0010,110000,5.5,0.6251,0.01948
NACA 0010,110000,5.6,0.6339,0.01983
NACA 0010,110000,5.7,0.6419,0.02051
NACA 0010,110000,5.8,0.6513,0.02095
NACA 0010,110000,5.9,0.6606,0.0214
NACA 0010,110000,6.0,0.6695,0.02192
NACA 0010,110000,6.1,0.6784,0.02281
NACA 0010,110000,6.2,0.6879,0.02316
NACA 0010,110000,6.3,0.6969,0.02354
NACA 0010,110000,6.4,0.7057,0.02396
NACA 0010,110000,6.5,0.7144,0.02497
NACA 0010,110000,6.6,0.7239,0.02547
NACA 0010,110000,6.7,0.7334,0.0261
NACA 0010,110000,6.8,0.7426,0.02676
NACA 0010,110000,6.9,0.7517,0.02744
NACA 0010,110000,7.0,0.7607,0.02814
NACA 0010,110000,7.1,0.7695,0.02893
NACA 0010,110000,7.2,0.778,0.03001
NACA 0010,110000,7.3,0.7855,0.03172
NACA 0010,110000,7.4,0.7929,0.03265
NACA 0010,110000,7.5,0.8,0.03354
NACA 0010,110000,7.6,0.8065,0.03442
NACA 0010,110000,7.7,0.8127,0.03531
NACA 0010,110000,7.8,0.8189,0.03609
NACA 0010,110000,7.9,0.8259,0.03671
NACA 0010,110000,8.0,0.8344,0.03715
NACA 0010,110000,8.1,0.8411,0.03797
NACA 0010,110000,8.2,0.8465,0.03922
NACA 0010,110000,8.3,0.8509,0.04076
NACA 0010,110000,8.4,0.854,0.04255
NACA 0010,110000,8.5,0.8558,0.0445
NACA 0010,110000,8.6,0.857,0.04637
NACA 0010,110000,8.7,0.8582,0.04783
NACA 0010,110000,8.8,0.8588,0.04941
NACA 0010,110000,8.9,0.8588,0.05108
NACA 0010,110000,9.0,0.8583,0.05285
NACA 0010,110000,9.1,0.8573,0.0547
NACA 0010,110000,9.2,0.8561,0.05669
NACA 0010,110000,9.4,0.8533,0.05976
NACA 0010,110000,9.5,0.8498,0.06106
NACA 0010,110000,9.8,0.7586,0.07348
NACA 0010,110000,9.9,0.7439,0.07768
NACA 0010,110000,10.0,0.7331,0.08182
NACA 0010,110000,10.1,0.7264,0.0854
NACA 0010,110000,10.2,0.7227,0.08827
NACA 0010,110000,10.3,0.7214,0.09049
NACA 0010,110000,10.4,0.7225,0.09208
NACA 0010,110000,10.5,0.7272,0.09288
NACA 0010,110000,10.6,0.6583,0.11731
NACA 0010,110000,10.7,0.6626,0.11869
NACA 0010,110000,10.8,0.6689,0.12003
NACA 0010,110000,10.9,0.6775,0.12142
NACA 0010,110000,11.0,0.6897,0.12312
NACA 0010,110000,11.1,0.1356,0.02203
NACA 0010,110000,11.2,0.1314,0.02228
NACA 0010,110000,11.3,0.1333,0.0226
NACA 0010,110000,11.4,0.1448,0.02308
NACA 0010,110000,11.5,0.1618,0.02418
NACA 0010,110000,11.6,0.1737,0.02579
NACA 0010,110000,11.7,0.1693,0.02624
NACA 0010,110000,11.8,0.1637,0.02658
NACA 0010,110000,11.9,0.1553,0.02676
NACA 0010,110000,12.0,0.1468,0.02682
NACA 0010,110000,12.1,0.1451,0.02723
NACA 0010,110000,12.2,0.1464,0.02778
NACA 0010,110000,12.3,0.1491,0.02838
NACA 0010,110000,12.4,0.1529,0.02902
NACA 0010,110000,12.5,0.1582,0.02975
NACA 0010,110000,12.6,0.1659,0.03066
NACA 0010,110000,12.7,0.1809,0.03221
NACA 0010,110000,12.8,0.1928,0.03431
NACA 0010,110000,12.9,0.1885,0.03472
NACA 0010,110000,13.0,0.1822,0.03494
NACA 0010,110000,13.1,0.1744,0.03492
NACA 0010,110000,13.2,0.171,0.03518
NACA 0010,110000,13.3,0.172,0.03581
NACA 0010,110000,13.4,0.1745,0.03653
NACA 0010,110000,13.5,0.1785,0.03729
NACA 0010,110000,13.6,0.2106,0.0407
NACA 0010,110000,13.7,0.207,0.04114
NACA 0010,110000,13.8,0.202,0.04143
NACA 0010,110000,13.9,0.1959,0.04146
NACA 0010,110000,14.0,0.1932,0.04174
NACA 0010,110000,14.1,0.1946,0.04246
NACA 0010,110000,14.2,0.1975,0.04328
NACA 0010,110000,14.3,0.2011,0.04416
NACA 0010,110000,14.4,0.2057,0.04511
NACA 0010,110000,14.5,0.2116,0.04622
NACA 0010,110000,14.6,0.2206,0.04774
NACA 0010,110000,14.7,0.6955,0.18428
NACA 0010,110000,14.8,0.6985,0.18557
NACA 0010,110000,14.9,0.7032,0.18683
NACA 0010,110000,15.0,0.7151,0.18883
NACA 0010,185000,0.0,0.0,0.01059
NACA 0010,185000,0.1,0.0249,0.01057
NACA 0010,185000,0.2,0.0512,0.01054
NACA 0010,185000,0.3,0.0775,0.01049
NACA 0010,185000,0.4,0.1035,0.01044
NACA 0010,185000,0.5,0.1266,0.01037
NACA 0010,185000,0.6,0.1494,0.01031
NACA 0010,185000,0.7,0.1741,0.01021
NACA 0010,185000,0.8,0.1955,0.01011
NACA 0010,185000,0.9,0.2178,0.01
NACA 0010,185000,1.0,0.232,0.00992
NACA 0010,185000,1.1,0.2437,0.00983
NACA 0010,185000,1.2,0.2529,0.00975
NACA 0010,185000,1.3,0.262,0.00969
NACA 0010,185000,1.4,0.2709,0.00964
NACA 0010,185000,1.5,0.2795,0.0096
NACA 0010,185000,1.6,0.2882,0.00957
NACA 0010,185000,1.7,0.297,0.00956
NACA 0010,185000,1.8,0.306,0.00955
NACA 0010,185000,1.9,0.315,0.00957
NACA 0010,185000,2.0,0.3242,0.00958
NACA 0010,185000,2.1,0.3334,0.00961
NACA 0010,185000,2.2,0.3426,0.00965
NACA 0010,185000,2.3,0.352,0.00969
NACA 0010,185000,2.4,0.3611,0.00976
NACA 0010,185000,2.5,0.3705,0.00981
NACA 0010,185000,2.6,0.3798,0.00989
NACA 0010,185000,2.7,0.3889,0.00998
NACA 0010,185000,2.8,0.3983,0.01005
NACA 0010,185000,2.9,0.4075,0.01015
NACA 0010,185000,3.0,0.4166,0.01026
NACA 0010,185000,3.1,0.4259,0.01035
NACA 0010,185000,3.2,0.4351,0.01047
NACA 0010,185000,3.3,0.444,0.01061
NACA 0010,185000,3.4,0.4531,0.01072
NACA 0010,185000,3.5,0.4622,0.01085
NACA 0010,185000,3.6,0.4711,0.011
NACA 0010,185000,3.7,0.4799,0.01116
NACA 0010,185000,3.8,0.4888,0.01132
NACA 0010,185000,3.9,0.4977,0.01148
NACA 0010,185000,4.0,0.5065,0.01166
NACA 0010,185000,4.1,0.5151,0.01186
NACA 0010,185000,4.2,0.5237,0.01208
NACA 0010,185000,4.3,0.5322,0.01231
NACA 0010,185000,4.4,0.5406,0.01256
NACA 0010,185000,4.5,0.549,0.01283
NACA 0010,185000,4.6,0.5573,0.01312
NACA 0010,185000,4.7,0.5656,0.01342
NACA 0010,185000,4.8,0.5739,0.01374
NACA 0010,185000,4.9,0.5821,0.01406
NACA 0010,185000,5.0,0.59,0.01443
NACA 0010,185000,5.1,0.5988,0.01469
NACA 0010,185000,5.2,0.6068,0.01506
NACA 0010,185000,5.3,0.6155,0.01534
NACA 0010,185000,5.4,0.6228,0.01582
NACA 0010,185000,5.5,0.632,0.01605
NACA 0010,185000,5.6,0.6406,0.01634
NACA 0010,185000,5.7,0.6478,0.0169
NACA 0010,185000,5.8,0.6573,0.01708
NACA 0010,185000,5.9,0.6663,0.01732
NACA 0010,185000,6.0,0.6745,0.0177
NACA 0010,185000,6.1,0.6821,0.01831
NACA 0010,185000,6.2,0.6915,0.01859
NACA 0010,185000,6.3,0.7006,0.01894
NACA 0010,185000,6.4,0.7096,0.0193
NACA 0010,185000,6.5,0.7183,0.01969
NACA 0010,185000,6.6,0.7267,0.02028
NACA 0010,185000,6.7,0.7347,0.02126
NACA 0010,185000,6.8,0.7443,0.02163
NACA 0010,185000,6.9,0.7537,0.02208
NACA 0010,185000,7.0,0.7629,0.02252
NACA 0010,185000,7.1,0.772,0.02291
NACA 0010,185000,7.2,0.781,0.02324
NACA 0010,185000,7.3,0.7896,0.02361
NACA 0010,185000,7.4,0.7975,0.02451
NACA 0010,185000,7.5,0.8053,0.02554
NACA 0010,185000,7.6,0.8142,0.02604
NACA 0010,185000,7.7,0.8228,0.02664
NACA 0010,185000,7.8,0.831,0.02733
NACA 0010,185000,7.9,0.839,0.02807
NACA 0010,185000,8.0,0.8467,0.02885
NACA 0010,185000,8.1,0.8541,0.02966
NACA 0010,185000,8.2,0.8613,0.0305
NACA 0010,185000,8.3,0.8682,0.03135
NACA 0010,185000,8.4,0.8749,0.0322
NACA 0010,185000,8.5,0.8811,0.03311
NACA 0010,185000,8.6,0.8868,0.03407
NACA 0010,185000,8.7,0.8921,0.03508
NACA 0010,185000,8.8,0.8968,0.03619
NACA 0010,185000,8.9,0.9008,0.03739
NACA 0010,185000,9.0,0.9041,0.0387
NACA 0010,185000,9.1,0.9065,0.04009
NACA 0010,185000,9.2,0.908,0.04156
NACA 0010,185000,9.3,0.9086,0.04309
NACA 0010,185000,9.4,0.908,0.04472
NACA 0010,185000,9.5,0.9054,0.04651
NACA 0010,185000,9.6,0.9,0.04859
NACA 0010,185000,9.7,0.8814,0.05203
NACA 0010,185000,9.8,0.8647,0.05501
NACA 0010,185000,9.9,0.8502,0.05735
NACA 0010,185000,10.0,0.8364,0.05973
NACA 0010,185000,10.1,0.8229,0.06231
NACA 0010,185000,10.2,0.8094,0.06523
NACA 0010,185000,10.3,0.7954,0.06864
NACA 0010,185000,10.4,0.7807,0.07283
NACA 0010,185000,10.5,0.7652,0.078
NACA 0010,185000,10.6,0.7509,0.08378
NACA 0010,185000,10.7,0.7408,0.08869
NACA 0010,185000,10.8,0.7347,0.09208
NACA 0010,185000,10.9,0.7307,0.09469
NACA 0010,185000,11.0,0.7287,0.09654
NACA 0010,185000,11.1,0.7337,0.09582
NACA 0010,185000,11.2,0.695,0.11609
NACA 0010,185000,11.3,0.6979,0.11753
NACA 0010,185000,11.4,0.7017,0.11898
NACA 0010,185000,11.6,0.6991,0.12468
NACA 0010,185000,11.7,0.6969,0.12709
NACA 0010,185000,11.8,0.6946,0.12942
NACA 0010,185000,11.9,0.6905,0.13187
NACA 0010,185000,12.0,0.6823,0.1346
NACA 0010,185000,12.1,0.6706,0.1377
NACA 0010,185000,12.2,0.6694,0.13968
NACA 0010,185000,12.3,0.6694,0.14149
NACA 0010,185000,12.4,0.67,0.1432
NACA 0010,185000,12.5,0.671,0.14483
NACA 0010,185000,12.6,0.6723,0.1464
NACA 0010,185000,12.7,0.6741,0.14791
NACA 0010,185000,12.8,0.6766,0.14927
NACA 0010,185000,12.9,0.6805,0.15042
NACA 0010,185000,13.0,0.688,0.15098
NACA 0010,185000,13.2,0.7018,0.15447
NACA 0010,185000,13.3,0.7005,0.15644
NACA 0010,185000,13.4,0.698,0.15847
NACA 0010,185000,13.5,0.6946,0.16047
NACA 0010,185000,13.6,0.6882,0.1626
NACA 0010,185000,13.7,0.6852,0.1644
NACA 0010,185000,13.8,0.6857,0.16608
NACA 0010,185000,13.9,0.687,0.16768
NACA 0010,185000,14.0,0.6888,0.1692
NACA 0010,185000,14.1,0.6911,0.17065
NACA 0010,185000,14.2,0.6937,0.17203
NACA 0010,185000,14.3,0.6969,0.17334
NACA 0010,185000,14.4,0.7008,0.17459
NACA 0010,185000,14.5,0.7058,0.17581
NACA 0010,185000,14.6,0.7131,0.17708
NACA 0010,185000,14.7,0.7206,0.17862
NACA 0010,185000,14.8,0.7234,0.18231
NACA 0010,185000,14.9,0.7245,0.18415
NACA 0010,185000,15.0,0.7252,0.18597
NACA 2410,32000,0.0,0.0034,0.02406
NACA 2410,32000,0.1,0.0107,0.02426
NACA 2410,32000,0.2,0.018,0.02447
NACA 2410,32000,0.3,0.0253,0.02469
NACA 2410,32000,0.4,0.0325,0.02492
NACA 2410,32000,0.5,0.0398,0.02517
NACA 2410,32000,0.6,0.0469,0.02542
NACA 2410,32000,0.7,0.0541,0.02568
NACA 2410,32000,0.8,0.0612,0.02596
NACA 2410,32000,0.9,0.0682,0.02625
NACA 2410,32000,1.0,0.0753,0.02654
NACA 2410,32000,1.1,0.0823,0.02685
NACA 2410,32000,1.2,0.0892,0.02717
NACA 2410,32000,1.3,0.0961,0.0275
NACA 2410,32000,1.4,0.103,0.02784
NACA 2410,32000,1.5,0.1099,0.0282
NACA 2410,32000,1.6,0.1167,0.02856
NACA 2410,32000,1.7,0.1235,0.02894
NACA 2410,32000,1.8,0.1302,0.02932
NACA 2410,32000,1.9,0.1369,0.02972
NACA 2410,32000,2.0,0.1436,0.03013
NACA 2410,32000,2.1,0.1502,0.03055
NACA 2410,32000,2.2,0.1567,0.03098
NACA 2410,32000,2.3,0.1633,0.03142
NACA 2410,32000,2.4,0.1698,0.03188
NACA 2410,32000,2.5,0.1763,0.03234
NACA 2410,32000,2.6,0.1827,0.03282
NACA 2410,32000,2.7,0.1891,0.0333
NACA 2410,32000,2.8,0.1954,0.0338
NACA 2410,32000,2.9,0.2017,0.03431
NACA 2410,32000,3.0,0.208,0.03483
NACA 2410,32000,3.1,0.2324,0.03581
NACA 2410,32000,3.2,0.2567,0.03677
NACA 2410,32000,3.3,0.2754,0.03756
NACA 2410,32000,3.4,0.3024,0.03862
NACA 2410,32000,3.5,0.3137,0.0392
NACA 2410,32000,3.6,0.3426,0.04029
NACA 2410,32000,3.7,0.3498,0.04077
NACA 2410,32000,3.8,0.3765,0.04173
NACA 2410,32000,3.9,0.3848,0.0423
NACA 2410,32000,4.0,0.4019,0.04303
NACA 2410,32000,4.1,0.4223,0.04387
NACA 2410,32000,4.2,0.4307,0.04443
NACA 2410,32000,4.3,0.4643,0.04542
NACA 2410,32000,4.4,0.4623,0.04589
NACA 2410,32000,4.5,0.4787,0.04656
NACA 2410,32000,4.6,0.4991,0.04733
NACA 2410,32000,4.7,0.5037,0.0479
NACA 2410,32000,4.8,0.5387,0.04866
NACA 2410,32000,4.9,0.5342,0.04928
NACA 2410,32000,5.0,0.5482,0.04987
NACA 2410,32000,5.1,0.5703,0.05052
NACA 2410,32000,5.2,0.5711,0.0512
NACA 2410,32000,5.3,0.6102,0.05156
NACA 2410,32000,5.4,0.6008,0.0524
NACA 2410,32000,5.5,0.6239,0.05275
NACA 2410,32000,5.6,0.6333,0.05343
NACA 2410,32000,5.7,0.6422,0.05398
NACA 2410,32000,5.8,0.6657,0.05421
NACA 2410,32000,5.9,0.6684,0.05494
NACA 2410,32000,6.0,0.6961,0.05479
NACA 2410,32000,6.1,0.7042,0.05523
NACA 2410,32000,6.2,0.7239,0.05518
NACA 2410,32000,6.3,0.7661,0.05334
NACA 2410,32000,6.4,0.8062,0.05077
NACA 2410,32000,6.5,0.7911,0.05294
NACA 2410,32000,6.6,0.8239,0.05059
NACA 2410,32000,6.7,0.885,0.04461
NACA 2410,32000,6.8,0.9013,0.04341
NACA 2410,32000,7.0,0.9274,0.04208
NACA 2410,32000,7.1,0.9378,0.04198
NACA 2410,32000,7.2,0.9476,0.04201
NACA 2410,32000,7.3,0.958,0.04214
NACA 2410,32000,7.4,0.9684,0.04262
NACA 2410,32000,7.5,0.9694,0.04402
NACA 2410,32000,7.6,0.9817,0.04433
NACA 2410,32000,7.7,0.9816,0.04568
NACA 2410,32000,7.8,0.9946,0.04619
NACA 2410,32000,7.9,0.9941,0.04787
NACA 2410,32000,8.0,0.9979,0.04933
NACA 2410,32000,8.1,1.014,0.05024
NACA 2410,32000,8.2,1.011,0.05202
NACA 2410,32000,8.3,1.0085,0.05377
NACA 2410,32000,8.4,1.0088,0.05528
NACA 2410,32000,8.5,1.0266,0.05565
NACA 2410,32000,8.6,1.0218,0.05749
NACA 2410,32000,8.7,1.0169,0.05938
NACA 2410,32000,8.8,1.012,0.06132
NACA 2410,32000,8.9,1.0067,0.06331
NACA 2410,32000,9.0,1.0007,0.06538
NACA 2410,32000,9.1,0.9936,0.06756
NACA 2410,32000,9.2,0.9849,0.06986
NACA 2410,32000,9.3,0.9747,0.07229
NACA 2410,32000,9.4,0.9631,0.07476
NACA 2410,32000,9.5,0.9509,0.07728
NACA 2410,32000,9.6,0.9391,0.07998
NACA 2410,32000,9.7,0.9272,0.08287
NACA 2410,32000,9.8,0.9161,0.08588
NACA 2410,32000,9.9,0.9062,0.08897
NACA 2410,32000,10.0,0.8974,0.0921
NACA 2410,32000,10.1,0.8898,0.09525
NACA 2410,32000,10.2,0.8833,0.09839
NACA 2410,32000,10.3,0.8782,0.1015
NACA 2410,32000,10.4,0.8746,0.1045
NACA 2410,32000,10.5,0.8723,0.10737
NACA 2410,32000,10.7,0.8214,0.11893
NACA 2410,32000,10.8,0.8189,0.12142
NACA 2410,32000,10.9,0.8174,0.12387
NACA 2410,32000,11.0,0.8179,0.1263
NACA 2410,32000,11.1,0.8219,0.12875
NACA 2410,32000,11.2,0.8301,0.13126
NACA 2410,32000,11.3,0.7928,0.13604
NACA 2410,32000,11.4,0.8041,0.13896
NACA 2410,32000,11.6,0.7267,0.15204
NACA 2410,32000,11.7,0.7265,0.15292
NACA 2410,32000,11.8,0.7738,0.16254
NACA 2410,32000,11.9,0.769,0.1633
NACA 2410,32000,12.0,0.7622,0.16354
NACA 2410,32000,12.1,0.7529,0.1631
NACA 2410,32000,12.2,0.7433,0.16243
NACA 2410,32000,12.3,0.7398,0.16287
NACA 2410,32000,12.4,0.7404,0.16408
NACA 2410,32000,12.5,0.7435,0.16571
NACA 2410,32000,12.6,0.749,0.1678
NACA 2410,32000,12.7,0.7579,0.17066
NACA 2410,32000,12.8,0.7726,0.17524
NACA 2410,32000,12.9,0.7899,0.18149
NACA 2410,32000,13.0,0.7781,0.17996
NACA 2410,32000,13.1,0.7667,0.17827
NACA 2410,32000,13.2,0.7598,0.17752
NACA 2410,32000,13.3,0.7599,0.17829
NACA 2410,32000,13.4,0.7656,0.18016
NACA 2410,32000,13.5,0.8001,0.19027
NACA 2410,32000,13.6,0.7897,0.18869
NACA 2410,32000,13.7,0.7801,0.18707
NACA 2410,32000,13.8,0.7745,0.18635
NACA 2410,32000,13.9,0.7765,0.18731
NACA 2410,32000,14.0,0.7875,0.19042
NACA 2410,32000,14.1,0.8084,0.19746
NACA 2410,32000,14.2,0.8161,0.2016
NACA 2410,32000,14.3,0.8055,0.19945
NACA 2410,32000,14.4,0.7965,0.19751
NACA 2410,32000,14.5,0.7928,0.19704
NACA 2410,32000,14.6,0.7938,0.19793
NACA 2410,32000,14.7,0.7977,0.19956
NACA 2410,32000,14.8,0.8044,0.20199
NACA 2410,32000,14.9,0.8159,0.20624
NACA 2410,32000,15.0,0.8411,0.21686
NACA 2410,110000,0.0,0.2222,0.01471
NACA 2410,110000,0.1,0.2375,0.0147
NACA 2410,110000,0.2,0.2508,0.01469
NACA 2410,110000,0.3,0.2698,0.01463
NACA 2410,110000,0.4,0.2903,0.01454
NACA 2410,110000,0.5,0.3118,0.01443
NACA 2410,110000,0.6,0.3192,0.01448
NACA 2410,110000,0.7,0.334,0.01442
NACA 2410,110000,0.8,0.3517,0.01431
NACA 2410,110000,0.9,0.3705,0.01418
NACA 2410,110000,1.0,0.3795,0.01421
NACA 2410,110000,1.1,0.3912,0.01418
NACA 2410,110000,1.2,0.4063,0.01408
NACA 2410,110000,1.3,0.4227,0.01396
NACA 2410,110000,1.4,0.4313,0.014
NACA 2410,110000,1.5,0.4419,0.01399
NACA 2410,110000,1.6,0.4555,0.0139
NACA 2410,110000,1.7,0.4699,0.0138
NACA 2410,110000,1.8,0.4775,0.01389
NACA 2410,110000,1.9,0.4883,0.01388
NACA 2410,110000,2.0,0.5009,0.01381
NACA 2410,110000,2.1,0.5135,0.01377
NACA 2410,110000,2.2,0.5213,0.01387
NACA 2410,110000,2.3,0.5322,0.01387
NACA 2410,110000,2.4,0.5443,0.01382
NACA 2410,110000,2.5,0.5547,0.01387
NACA 2410,110000,2.6,0.5639,0.01395
NACA 2410,110000,2.7,0.5749,0.01395
NACA 2410,110000,2.8,0.5867,0.01394
NACA 2410,110000,2.9,0.596,0.01404
NACA 2410,110000,3.0,0.6058,0.0141
NACA 2410,110000,3.1,0.6169,0.01412
NACA 2410,110000,3.2,0.6284,0.01416
NACA 2410,110000,3.3,0.6371,0.01427
NACA 2410,110000,3.4,0.6474,0.01432
NACA 2410,110000,3.5,0.6585,0.01436
NACA 2410,110000,3.6,0.6685,0.01445
NACA 2410,110000,3.7,0.678,0.01454
NACA 2410,110000,3.8,0.6886,0.01458
NACA 2410,110000,3.9,0.6997,0.01466
NACA 2410,110000,4.0,0.7086,0.01476
NACA 2410,110000,4.1,0.7186,0.01481
NACA 2410,110000,4.2,0.7297,0.01488
NACA 2410,110000,4.3,0.7386,0.01498
NACA 2410,110000,4.4,0.7484,0.01504
NACA 2410,110000,4.5,0.7592,0.01512
NACA 2410,110000,4.6,0.7681,0.01521
NACA 2410,110000,4.7,0.7777,0.01527
NACA 2410,110000,4.8,0.788,0.01538
NACA 2410,110000,4.9,0.7968,0.01545
NACA 2410,110000,5.0,0.8065,0.01553
NACA 2410,110000,5.1,0.8159,0.01564
NACA 2410,110000,5.2,0.8249,0.01571
NACA 2410,110000,5.3,0.8345,0.01584
NACA 2410,110000,5.4,0.8431,0.01591
NACA 2410,110000,5.5,0.8523,0.01604
NACA 2410,110000,5.6,0.8609,0.01613
NACA 2410,110000,5.7,0.8695,0.01628
NACA 2410,110000,5.8,0.8779,0.01638
NACA 2410,110000,5.9,0.8861,0.01653
NACA 2410,110000,6.0,0.8938,0.01669
NACA 2410,110000,6.1,0.9015,0.01685
NACA 2410,110000,6.2,0.9086,0.01708
NACA 2410,110000,6.3,0.915,0.01737
NACA 2410,110000,6.4,0.9205,0.01777
NACA 2410,110000,6.5,0.9254,0.01828
NACA 2410,110000,6.6,0.9294,0.01892
NACA 2410,110000,6.7,0.933,0.01965
NACA 2410,110000,6.8,0.9376,0.02035
NACA 2410,110000,6.9,0.9422,0.02105
NACA 2410,110000,7.0,0.9484,0.02164
NACA 2410,110000,7.1,0.9536,0.02235
NACA 2410,110000,7.2,0.9604,0.0229
NACA 2410,110000,7.3,0.9657,0.02369
NACA 2410,110000,7.4,0.9737,0.02416
NACA 2410,110000,7.5,0.9802,0.02473
NACA 2410,110000,7.6,0.9871,0.02546
NACA 2410,110000,7.7,0.995,0.02593
NACA 2410,110000,7.8,1.0027,0.0265
NACA 2410,110000,7.9,1.0104,0.02737
NACA 2410,110000,8.0,1.0196,0.02822
NACA 2410,110000,8.1,1.0286,0.02884
NACA 2410,110000,8.2,1.0377,0.02952
NACA 2410,110000,8.3,1.0467,0.03023
NACA 2410,110000,8.4,1.0558,0.03102
NACA 2410,110000,8.5,1.0657,0.03216
NACA 2410,110000,8.6,1.0747,0.03336
NACA 2410,110000,8.7,1.0818,0.03389
NACA 2410,110000,8.8,1.0887,0.03447
NACA 2410,110000,8.9,1.0956,0.03505
NACA 2410,110000,9.0,1.1026,0.03568
NACA 2410,110000,9.1,1.1103,0.03654
NACA 2410,110000,9.2,1.1185,0.03776
NACA 2410,110000,9.3,1.1263,0.03971
NACA 2410,110000,9.4,1.1312,0.0409
NACA 2410,110000,9.5,1.1355,0.04184
NACA 2410,110000,9.6,1.1392,0.0429
NACA 2410,110000,9.7,1.1422,0.04405
NACA 2410,110000,9.8,1.1446,0.04527
NACA 2410,110000,9.9,1.1461,0.04655
NACA 2410,110000,10.0,1.1469,0.04787
NACA 2410,110000,10.1,1.1468,0.04923
NACA 2410,110000,10.2,1.1458,0.05062
NACA 2410,110000,10.3,1.144,0.05204
NACA 2410,110000,10.4,1.1414,0.05348
NACA 2410,110000,10.5,1.1379,0.05493
NACA 2410,110000,10.6,1.1333,0.05636
NACA 2410,110000,10.7,1.1275,0.05774
NACA 2410,110000,10.8,1.1211,0.05917
NACA 2410,110000,10.9,1.1143,0.06065
NACA 2410,110000,11.0,1.1069,0.06218
NACA 2410,110000,11.1,1.0991,0.06378
NACA 2410,110000,11.2,1.091,0.06545
NACA 2410,110000,11.3,1.0825,0.06721
NACA 2410,110000,11.4,1.0737,0.06906
NACA 2410,110000,11.5,1.0646,0.07102
NACA 2410,110000,11.6,1.0554,0.0731
NACA 2410,110000,11.7,1.0459,0.0753
NACA 2410,110000,11.8,1.0362,0.07763
NACA 2410,110000,11.9,1.0263,0.0801
NACA 2410,110000,12.0,1.0165,0.08271
NACA 2410,110000,12.1,1.0066,0.08548
NACA 2410,110000,12.2,0.9967,0.08838
NACA 2410,110000,12.3,0.9871,0.09139
NACA 2410,110000,12.4,0.9778,0.09449
NACA 2410,110000,12.5,0.9693,0.09764
NACA 2410,110000,12.6,0.9622,0.10074
NACA 2410,110000,12.7,0.9581,0.10359
NACA 2410,110000,12.9,0.8657,0.13309
NACA 2410,110000,13.0,0.866,0.13508
NACA 2410,110000,13.1,0.8686,0.13649
NACA 2410,110000,13.2,0.875,0.13701
NACA 2410,110000,13.3,0.8411,0.15831
NACA 2410,110000,13.4,0.8493,0.16012
NACA 2410,110000,13.5,0.8606,0.16277
NACA 2410,110000,13.6,0.8604,0.1658
NACA 2410,110000,13.7,0.8529,0.16796
NACA 2410,110000,13.8,0.8381,0.16985
NACA 2410,110000,13.9,0.822,0.17152
NACA 2410,110000,14.0,0.8206,0.17318
NACA 2410,110000,14.1,0.8212,0.1748
NACA 2410,110000,14.2,0.8229,0.17636
NACA 2410,110000,14.3,0.8255,0.17787
NACA 2410,110000,14.4,0.829,0.17937
NACA 2410,110000,14.5,0.8336,0.18089
NACA 2410,110000,14.6,0.8396,0.18248
NACA 2410,110000,14.7,0.8471,0.18417
NACA 2410,110000,14.8,0.8567,0.1862
NACA 2410,110000,14.9,0.8721,0.19062
NACA 2410,110000,15.0,0.8676,0.19229
NACA 2410,185000,0.0,0.2961,0.0098
NACA 2410,185000,0.1,0.3081,0.00973
NACA 2410,185000,0.2,0.321,0.00966
NACA 2410,185000,0.3,0.3288,0.00967
NACA 2410,185000,0.4,0.339,0.00964
NACA 2410,185000,0.5,0.3504,0.00959
NACA 2410,185000,0.6,0.3609,0.00957
NACA 2410,185000,0.7,0.37,0.00957
NACA 2410,185000,0.8,0.3803,0.00955
NACA 2410,185000,0.9,0.3917,0.00952
NACA 2410,185000,1.0,0.4009,0.00955
NACA 2410,185000,1.1,0.4106,0.00955
NACA 2410,185000,1.2,0.4213,0.00955
NACA 2410,185000,1.3,0.4317,0.00957
NACA 2410,185000,1.4,0.4411,0.00959
NACA 2410,185000,1.5,0.4513,0.00961
NACA 2410,185000,1.6,0.4621,0.00964
NACA 2410,185000,1.7,0.4717,0.00968
NACA 2410,185000,1.8,0.4816,0.00971
NACA 2410,185000,1.9,0.4921,0.00975
NACA 2410,185000,2.0,0.5024,0.00981
NACA 2410,185000,2.1,0.5121,0.00985
NACA 2410,185000,2.2,0.5224,0.0099
NACA 2410,185000,2.3,0.5329,0.00997
NACA 2410,185000,2.4,0.5428,0.01003
NACA 2410,185000,2.5,0.5529,0.01008
NACA 2410,185000,2.6,0.5632,0.01015
NACA 2410,185000,2.7,0.5736,0.01023
NACA 2410,185000,2.8,0.5835,0.01029
NACA 2410,185000,2.9,0.5937,0.01036
NACA 2410,185000,3.0,0.6041,0.01045
NACA 2410,185000,3.1,0.6143,0.01052
NACA 2410,185000,3.2,0.6243,0.01058
NACA 2410,185000,3.3,0.6345,0.01067
NACA 2410,185000,3.4,0.6448,0.01078
NACA 2410,185000,3.5,0.6549,0.01083
NACA 2410,185000,3.6,0.6649,0.01091
NACA 2410,185000,3.7,0.6751,0.01102
NACA 2410,185000,3.8,0.6852,0.0111
NACA 2410,185000,3.9,0.6952,0.01117
NACA 2410,185000,4.0,0.7052,0.01127
NACA 2410,185000,4.1,0.7152,0.01137
NACA 2410,185000,4.2,0.7252,0.01144
NACA 2410,185000,4.3,0.735,0.01155
NACA 2410,185000,4.4,0.745,0.01165
NACA 2410,185000,4.5,0.755,0.01173
NACA 2410,185000,4.6,0.7647,0.01185
NACA 2410,185000,4.7,0.7746,0.01195
NACA 2410,185000,4.8,0.7844,0.01204
NACA 2410,185000,4.9,0.7939,0.01219
NACA 2410,185000,5.0,0.8038,0.01227
NACA 2410,185000,5.1,0.8133,0.01239
NACA 2410,185000,5.2,0.8228,0.01252
NACA 2410,185000,5.3,0.8323,0.01263
NACA 2410,185000,5.4,0.8415,0.01278
NACA 2410,185000,5.5,0.8509,0.0129
NACA 2410,185000,5.6,0.86,0.01306
NACA 2410,185000,5.7,0.8687,0.01324
NACA 2410,185000,5.8,0.8777,0.01342
NACA 2410,185000,5.9,0.886,0.01365
NACA 2410,185000,6.0,0.8938,0.01392
NACA 2410,185000,6.1,0.9013,0.01424
NACA 2410,185000,6.2,0.9083,0.01462
NACA 2410,185000,6.3,0.9148,0.01506
NACA 2410,185000,6.4,0.9214,0.01553
NACA 2410,185000,6.5,0.9276,0.01606
NACA 2410,185000,6.6,0.9336,0.01661
NACA 2410,185000,6.7,0.94,0.01714
NACA 2410,185000,6.8,0.9467,0.01764
NACA 2410,185000,7.0,0.9606,0.01856
NACA 2410,185000,7.1,0.9666,0.0191
NACA 2410,185000,7.2,0.974,0.01953
NACA 2410,185000,7.3,0.9817,0.01992
NACA 2410,185000,7.4,0.9881,0.02043
NACA 2410,185000,7.5,0.9932,0.02112
NACA 2410,185000,7.6,1.0015,0.02148
NACA 2410,185000,7.7,1.0092,0.02189
NACA 2410,185000,7.8,1.0165,0.02234
NACA 2410,185000,7.9,1.0231,0.02287
NACA 2410,185000,8.0,1.0277,0.0239
NACA 2410,185000,8.1,1.0365,0.02416
NACA 2410,185000,8.2,1.0447,0.0245
NACA 2410,185000,8.3,1.0525,0.02487
NACA 2410,185000,8.4,1.0599,0.02528
NACA 2410,185000,8.5,1.0669,0.02581
NACA 2410,185000,8.6,1.0735,0.02665
NACA 2410,185000,8.7,1.081,0.02782
NACA 2410,185000,8.8,1.0892,0.02828
NACA 2410,185000,8.9,1.0974,0.02882
NACA 2410,185000,9.0,1.1053,0.02943
NACA 2410,185000,9.1,1.1132,0.03008
NACA 2410,185000,9.2,1.1209,0.03076
NACA 2410,185000,9.3,1.1283,0.03146
NACA 2410,185000,9.4,1.1353,0.03217
NACA 2410,185000,9.5,1.1422,0.0329
NACA 2410,185000,9.6,1.1489,0.03366
NACA 2410,185000,9.7,1.1554,0.03449
NACA 2410,185000,9.8,1.1617,0.03545
NACA 2410,185000,9.9,1.1677,0.03661
NACA 2410,185000,10.0,1.1729,0.03803
NACA 2410,185000,10.1,1.1769,0.03963
NACA 2410,185000,10.2,1.1793,0.04144
NACA 2410,185000,10.3,1.1794,0.04341
NACA 2410,185000,10.4,1.1807,0.04411
NACA 2410,185000,10.5,1.1813,0.04483
NACA 2410,185000,10.6,1.1812,0.04559
NACA 2410,185000,10.7,1.18,0.04638
NACA 2410,185000,10.8,1.1777,0.04719
NACA 2410,185000,10.9,1.1749,0.04808
NACA 2410,185000,11.0,1.1717,0.04903
NACA 2410,185000,11.1,1.168,0.05005
NACA 2410,185000,11.2,1.164,0.05114
NACA 2410,185000,11.3,1.1596,0.0523
NACA 2410,185000,11.4,1.1547,0.05353
NACA 2410,185000,11.5,1.1495,0.05486
NACA 2410,185000,11.6,1.1439,0.05627
NACA 2410,185000,11.7,1.1378,0.05779
NACA 2410,185000,11.8,1.1312,0.05942
NACA 2410,185000,11.9,1.1242,0.06117
NACA 2410,185000,12.0,1.1167,0.06306
NACA 2410,185000,12.1,1.1087,0.06506
NACA 2410,185000,12.2,1.1003,0.06719
NACA 2410,185000,12.3,1.0915,0.06946
NACA 2410,185000,12.4,1.0824,0.07189
NACA 2410,185000,12.5,1.073,0.07447
NACA 2410,185000,12.6,1.0632,0.07722
NACA 2410,185000,12.7,1.0529,0.08012
NACA 2410,185000,12.8,1.0423,0.08321
NACA 2410,185000,12.9,1.0313,0.08653
NACA 2410,185000,13.0,1.0199,0.09008
NACA 2410,185000,13.1,1.008,0.09388
NACA 2410,185000,13.2,0.9959,0.0979
NACA 2410,185000,13.3,0.9837,0.1021
NACA 2410,185000,13.4,0.9717,0.1064
NACA 2410,185000,13.5,0.9602,0.1107
NACA 2410,185000,13.6,0.9493,0.11496
NACA 2410,185000,13.7,0.9395,0.11909
NACA 2410,185000,13.8,0.9309,0.123
NACA 2410,185000,14.0,0.3295,0.0279
NACA 2410,185000,14.1,0.3278,0.03023
NACA 2410,185000,14.2,0.3269,0.03231
NACA 2410,185000,14.3,0.327,0.03417
NACA 2410,185000,14.4,0.3287,0.03578
NACA 2410,185000,14.5,0.3312,0.03732
NACA 2410,185000,14.6,0.3347,0.03882
NACA 2410,185000,14.8,0.3433,0.0492
NACA 2410,185000,14.9,0.3434,0.05057
NACA 2410,185000,15.0,0.3428,0.05185
